Date,Open,High,Low,Close,Adj Close,Volume,r,s,m,v
2022-02-16,630.0,655.0,623.0,647.0,497.12139892578125,1547950,0.04747727059551285,633.95,0.007578900012515917,0.04011162182347373
2022-02-17,641.0,641.0,628.0,630.0,484.0594787597656,1099023,-0.02662647511532219,636.45,0.004134585792255678,0.03993407601169678
2022-02-18,610.0,627.0,610.0,618.0,474.83929443359375,788237,-0.019231361927887644,638.5,0.0034323095474795666,0.040229022977004494
2022-02-21,608.0,611.0,590.0,605.0,464.8507385253906,1170315,-0.02125999942684934,640.5,0.003420136344220033,0.04023684658916359
2022-02-22,589.0,602.0,560.0,573.0,440.26361083984375,2127388,-0.05434274131610185,640.75,0.0004382148996794146,0.04225005006444416
2022-02-23,578.0,596.0,570.0,590.0,453.3255615234375,739535,0.029236820185025512,639.05,-0.0028013915734831298,0.03683283783177332
2022-02-24,571.0,582.0,560.0,560.0,430.27508544921875,1123381,-0.05218575317057019,633.75,-0.008667644340559711,0.034725328072735616
2022-02-25,583.0,603.0,583.0,596.0,457.93560791015625,1653800,0.06230388333615484,629.65,-0.006445331043752292,0.0377984366761107
2022-03-01,602.0,602.0,588.0,595.0,457.1672668457031,970706,-0.0016792615197200253,625.45,-0.00660298610065332,0.03777023301657071
2022-03-02,585.0,594.0,581.0,591.0,454.0938720703125,569183,-0.006745388139531538,622.25,-0.005140960911457687,0.03713356710370916
2022-03-03,597.0,608.0,591.0,599.0,460.2406921386719,746477,0.013445580709351118,619.3,-0.004697166660493394,0.03730835797576824
2022-03-04,591.0,598.0,586.0,588.0,451.7888488769531,660656,-0.018534650216822466,616.9,-0.003923580772074763,0.03682593185904815
2022-03-07,573.0,578.0,550.0,565.0,434.1168212890625,1113829,-0.03990121675218596,613.85,-0.005126231997682881,0.03762005513657829
2022-03-08,551.0,572.0,549.0,550.0,422.59161376953125,853968,-0.02690745291992438,608.3,-0.009191778081258482,0.035161406351369835
2022-03-09,563.0,564.0,550.0,550.0,422.59161376953125,528807,0.0,601.8,-0.010608725997181791,0.03412511285285181
2022-03-10,570.0,587.0,562.0,584.0,448.7154541015625,1133335,0.05998270460171041,597.65,-0.006644453154369834,0.03750031439529065
2022-03-11,574.0,577.0,560.0,564.0,433.3484802246094,615383,-0.03484673133016819,593.15,-0.007402654997956992,0.037928654195432426
2022-03-14,563.0,566.0,531.0,534.0,410.29803466796875,1426742,-0.05465841253786408,587.7,-0.00928744426387123,0.03933910490025452
2022-03-15,525.0,526.0,499.0,502.0,385.71087646484375,1904150,-0.06179571926846568,582.9,-0.008749531712945131,0.038492936428845
2022-03-16,511.0,511.0,494.0,498.0,382.6374816894531,888657,-0.008000042667076265,576.95,-0.010713447344036753,0.037327578684671896
2022-03-17,512.0,519.0,503.0,510.0,391.857666015625,992336,0.023810648693718607,570.1,-0.011896778439126466,0.03572656580638329
2022-03-18,512.0,532.0,507.0,526.0,404.1512451171875,833052,0.03089048701933851,564.9,-0.00902093033239343,0.03677795296142234
2022-03-21,530.0,542.0,521.0,539.0,414.1397705078125,702459,0.02441435817128734,560.95,-0.006838644327434681,0.03742934172433835
2022-03-22,535.0,540.0,528.0,538.0,413.3714294433594,484271,-0.0018570107472127711,557.6,-0.005868494893452853,0.03728706154049439
2022-03-23,533.0,537.0,522.0,524.0,402.6145324707031,889586,-0.026366875840742224,555.15,-0.0044697016196848715,0.035870727554819334
2022-03-24,520.0,539.0,516.0,538.0,413.3714294433594,749563,0.02636687584074235,552.55,-0.00461319883689903,0.03573427212311215
2022-03-25,537.0,537.0,524.0,526.0,404.1512451171875,614217,-0.022557347424074514,550.85,-0.0031317785495742455,0.03424123268543087
2022-03-28,519.0,523.0,510.0,520.0,399.5411376953125,276700,-0.011472401162236807,547.05,-0.006820592774493828,0.030601316992610646
2022-03-29,526.0,526.0,516.0,521.0,400.3094787597656,267562,0.0019212301778938723,543.35,-0.006640568189613133,0.03064371613818791
2022-03-30,522.0,529.0,509.0,514.0,394.93109130859375,527621,-0.013526776298201851,539.5,-0.006979637597546648,0.030682430211530963
2022-03-31,510.0,517.0,510.0,510.0,391.857666015625,194055,-0.007812539736793625,535.05,-0.008042543619853886,0.030303489245740837
2022-04-01,503.0,507.0,496.5,505.0,388.01593017578125,442584,-0.009852296443011594,530.9,-0.007608425931163341,0.030207309580676675
2022-04-06,496.5,500.0,496.5,497.0,381.869140625,306153,-0.015968403178731112,527.5,-0.006411785252490599,0.02932178585809033
2022-04-07,492.5,493.0,470.0,475.0,364.9654846191406,877160,-0.045275222061987475,523.75,-0.007330173709593754,0.03026983992498098
2022-04-08,475.5,486.0,475.5,480.0,368.8072204589844,324977,0.010471299867295437,520.25,-0.006806608716228983,0.030493035944764938
2022-04-11,476.0,484.5,463.5,467.0,358.8186950683594,460768,-0.027456846233039317,514.4,-0.01117858625796647,0.026407749824381665
2022-04-12,462.0,473.0,457.5,465.0,357.2820129394531,390074,-0.004291852081541032,509.45,-0.00965084229553511,0.025844251879610754
2022-04-13,469.0,483.0,468.0,478.5,367.6546936035156,374154,0.02861880530565266,506.675,-0.005486981403359274,0.024902664777015346
2022-04-14,481.5,483.0,474.0,475.0,364.9654846191406,211307,-0.007341406858367745,505.325,-0.002764265782854378,0.021110253026152836
2022-04-15,471.0,471.0,453.0,453.0,348.0617980957031,423068,-0.04742267855160718,503.075,-0.004735397577080923,0.023346887693149798
2022-04-18,447.0,460.0,446.5,456.0,350.3668518066406,243793,0.006600684031352093,500.375,-0.00559589581019925,0.022542692804319992
2022-04-19,459.0,461.0,446.5,448.5,344.604248046875,361229,-0.016584128015535295,496.5,-0.00796962656194294,0.020941120640485755
2022-04-20,451.0,480.0,451.0,480.0,368.8072204589844,704954,0.06787742240308577,493.55,-0.005796473350353018,0.026098679752642347
2022-04-21,483.0,505.0,482.0,505.0,388.01593017578125,1122000,0.05077232537342314,491.9,-0.0031650065443212224,0.02900789174310411
2022-04-22,496.5,514.0,490.0,514.0,394.93109130859375,952230,0.0176648361798053,491.4,-0.000963420943293846,0.028824618416339442
2022-04-25,500.0,511.0,496.0,505.0,388.01593017578125,742816,-0.017664836179805334,489.75,-0.0031650065443212306,0.028304143713309412
2022-04-26,507.0,508.0,490.0,490.0,376.4906921386719,642500,-0.030153038170687558,487.95,-0.0035447910816518826,0.028627161114378467
2022-04-27,482.5,482.5,467.0,475.0,364.9654846191406,547065,-0.03109058707003112,485.7,-0.004525700377041598,0.02924259054154713
2022-04-28,482.0,494.0,475.0,482.5,370.72808837890625,387780,0.015666116744399456,483.775,-0.0038384560487163184,0.02956184721080117
2022-04-29,493.0,497.5,485.0,489.5,376.1065368652344,366485,0.014403541191524464,482.55,-0.002441940174230003,0.029739266247702338
2022-05-03,487.0,496.5,484.5,496.0,381.1007995605469,277125,0.013191464754362503,481.85,-0.0013917399496721967,0.02991000253554471
2022-05-04,496.0,503.0,490.5,492.5,378.4115905761719,226665,-0.007081466112783933,481.225,-0.0012531984331608137,0.02987514798417239
2022-05-05,500.0,501.0,492.5,493.5,379.179931640625,366612,0.002028398261392619,481.05,-0.00035335836115462694,0.029678986237391035
2022-05-06,471.5,485.0,471.5,481.5,369.9597473144531,233015,-0.02461662763535603,481.375,0.0006795713601769454,0.02836361251102665
2022-05-09,481.5,482.0,475.0,479.0,368.03887939453125,210823,-0.005205633827265049,481.325,-0.00010427532455107892,0.028295308481568828
2022-05-10,479.0,488.5,470.0,480.5,369.19140625,268437,0.0031266309994319222,482.0,0.001424898537072483,0.02755604177295569
2022-05-11,489.0,499.5,480.0,496.0,381.1007995605469,656720,0.03174869831458027,483.55,0.0032269260568785485,0.028330083375630092
2022-05-12,488.5,498.0,488.0,489.0,375.72235107421875,416200,-0.014213437250055501,484.075,0.0010853139290931402,0.027925622593737015
2022-05-13,496.0,507.0,493.5,506.0,388.7842712402344,841374,0.03417417981259347,485.625,0.0031610932626412016,0.028795699398478907
2022-05-16,516.0,522.0,500.0,505.0,388.01593017578125,648294,-0.0019782400121057075,488.225,0.005433315189616274,0.026276954781256783
2022-05-17,509.0,518.0,506.0,509.0,391.0893249511719,494169,0.007889587275162924,490.875,0.005497760351806816,0.02628154861847
2022-05-18,511.0,516.0,504.0,505.0,388.01593017578125,594034,-0.007889587275162932,493.7,0.005932487388825434,0.02596709221971686
2022-05-19,488.0,509.0,487.0,508.0,390.32098388671875,422382,0.005923018303122071,495.1,0.0028347671838272496,0.02149959044282115
2022-05-20,508.0,508.0,501.0,502.0,385.71087646484375,241347,-0.011881327886752675,494.95,-0.00029791547918154085,0.01850276700583914
2022-05-23,506.0,507.0,485.0,487.5,374.56982421875,607463,-0.029309829253827302,493.625,-0.002646648750863171,0.01907519067249668
2022-05-24,486.0,487.5,474.0,476.0,365.73382568359375,423586,-0.023872436206481915,492.175,-0.0029570287521970004,0.019380479149480725
2022-05-25,476.5,478.5,472.5,477.5,366.8863525390625,270065,0.0031463056893649226,491.55,-0.001292061559194376,0.01832260886553049
2022-05-26,480.0,486.5,477.5,478.5,367.6546936035156,204089,0.002092050972223951,491.725,0.00036707034291837744,0.01693188775930176
2022-05-27,483.5,487.5,481.5,486.5,373.8014831542969,265516,0.01658069073305074,491.925,0.00041279904235094164,0.01697655733784846
2022-05-30,493.5,502.0,490.0,498.5,383.02166748046875,447532,0.024366687775833305,492.375,0.0009109563715663839,0.01754535654110923
2022-05-31,500.0,509.0,492.0,509.0,391.0893249511719,1602076,0.020844427148629725,493.025,0.001293604491279745,0.01790700416677339
2022-06-01,502.0,516.0,501.0,505.0,388.01593017578125,542342,-0.007889587275162932,493.65,0.0012531984331607948,0.01792779629037356
2022-06-02,505.0,512.0,502.0,504.0,387.2475891113281,271714,-0.001982161203991211,494.175,0.0010526704598916034,0.017941093824249958
2022-06-06,505.0,505.0,495.5,499.5,383.7900085449219,193107,-0.008968669982760375,495.075,0.0018350683425213863,0.017083457026008705
2022-06-07,502.0,502.0,496.0,497.0,381.869140625,206170,-0.0050175719919794805,495.975,0.0018444714342856646,0.01707942899233174
2022-06-08,500.0,501.0,485.0,485.0,372.6489562988281,465571,-0.024441135159145578,496.2,0.00046608312635678956,0.01805506357560463
2022-06-09,485.0,493.0,482.0,490.0,376.4906921386719,136082,0.010256500167189061,495.9,-0.0006085267810127709,0.01668260300499325
2022-06-10,485.5,485.5,481.0,481.5,369.9597473144531,209139,-0.017499159866492035,495.525,-0.0007728129118345975,0.016839076915449402
2022-06-13,471.0,474.5,470.0,472.0,362.6604309082031,265212,-0.019927245652624832,493.825,-0.0034778841850955132,0.015194852828638692
2022-06-14,469.5,469.5,457.0,468.0,359.5870361328125,264067,-0.00851068966790862,491.975,-0.0038045066678856583,0.015231086719795641
2022-06-15,470.0,470.0,462.0,464.0,356.5136413574219,245653,-0.008583743691391442,489.725,-0.004628173216213376,0.015009216102771285
2022-06-16,473.5,474.0,449.0,449.0,344.9884033203125,380554,-0.032861664484001,486.925,-0.005876777076655281,0.01627973840451958
2022-06-17,442.0,442.5,425.0,426.5,327.7005615234375,697627,-0.051410520810520485,482.85,-0.008743454032337408,0.01892547389370394
2022-06-20,431.0,431.0,408.0,408.0,313.4861145019531,539469,-0.04434519252757213,478.15,-0.010366647264378382,0.020532695475253097
2022-06-21,408.0,411.5,399.0,409.5,314.638671875,646400,0.0036697288889624017,474.25,-0.008717669357238896,0.02025369782348803
2022-06-22,409.0,409.5,380.0,380.0,291.9723815917969,842920,-0.07476565057269262,469.45,-0.011262330075549429,0.02491796660616578
2022-06-23,381.0,386.5,373.0,380.0,291.9723815917969,522545,0.0,464.575,-0.011419645360017678,0.024831995985743854
2022-06-24,383.0,384.5,375.5,377.0,289.6673278808594,331300,-0.007926065272420716,459.5,-0.01192055117224991,0.02464543675012429
2022-06-27,381.5,386.5,380.0,383.5,294.6615905761719,411402,0.01709443335930004,454.35,-0.011894864040937444,0.024676953706188966
2022-06-28,383.5,383.5,363.0,371.0,285.0572509765625,415242,-0.03313755819987579,447.975,-0.0147700763397229,0.023554085398055098
2022-06-29,365.0,365.0,356.5,359.5,276.2212219238281,525700,-0.0314878854463338,440.5,-0.017386691969471076,0.02226073079540567
2022-06-30,358.0,358.0,346.5,347.5,267.00103759765625,644830,-0.033949512156254566,432.625,-0.01868968821352566,0.022437560855908784
2022-07-01,347.5,351.0,338.5,339.0,260.4700927734375,812948,-0.024764557624396565,424.375,-0.019828808034545925,0.022120780068977747
2022-07-04,296.5,305.0,294.0,296.0,262.24200439453125,688064,-0.1356406530563899,414.2,-0.026162407188227398,0.033864591498939646
2022-07-05,301.0,301.5,294.0,298.0,264.013916015625,598215,0.0067340321813441194,404.25,-0.025574826979561222,0.03434926433602644
2022-07-06,298.0,300.0,280.0,280.0,248.06675720214844,591177,-0.062303883336154865,394.0,-0.027467964388411686,0.03531335380845736
2022-07-07,281.0,287.0,272.5,284.0,251.61056518554688,714409,0.014184634991956381,383.7,-0.027271557647173317,0.035544381807744094
2022-07-08,284.0,294.5,281.5,287.0,254.2684326171875,644172,0.010507977598415165,373.975,-0.02587120077392796,0.03648881012421478
2022-07-11,287.0,287.0,277.5,280.5,248.50973510742188,442410,-0.02290849079687014,364.4,-0.026020263031140224,0.036469334398651444
2022-07-12,273.5,275.0,257.5,258.5,229.01876831054688,629360,-0.08167803101426724,353.925,-0.02967863009845816,0.03824695630383998
2022-07-13,269.0,269.0,258.5,258.5,229.01876831054688,714936,0.0,343.65,-0.029249442913888583,0.0385431449860209
2022-07-14,252.5,264.5,252.0,263.0,233.0055694580078,708455,0.017258338229280783,334.35,-0.026743442778224498,0.03990134631117728
2022-07-15,265.5,272.0,258.5,269.0,238.32127380371094,667101,0.022557347424074527,326.475,-0.023045049366494742,0.04090989599158691
2022-07-18,272.5,284.0,270.5,278.0,246.29486083984375,982117,0.03290973408879796,319.975,-0.01918230303567624,0.04241250915232686
2022-07-19,274.0,276.0,271.5,274.5,243.1940155029297,649056,-0.012669852741051778,313.225,-0.01999928211717695,0.042105409871623665
2022-07-20,281.5,288.0,280.5,281.5,249.39569091796875,886200,0.02518118663015985,308.3,-0.015001940257034324,0.04118437133170796
2022-07-21,283.0,293.0,283.0,290.5,257.3692626953125,1087209,0.031471128712220874,303.825,-0.013428383821423279,0.042371826991029274
2022-07-22,293.5,301.5,287.5,291.0,257.8122253417969,1384203,0.001719690879526679,299.525,-0.012946096013825912,0.042492475715206174
2022-07-25,289.0,293.0,286.5,291.0,257.8122253417969,428270,0.0,294.9,-0.013800817681790912,0.0420257792877608
2022-07-26,291.0,292.0,278.0,279.5,247.623779296875,582606,-0.04032097457633863,290.325,-0.014159988500614057,0.042229937924125216
2022-07-27,277.5,286.0,276.5,285.5,252.9394989013672,332525,0.021239736500910978,286.625,-0.011523607403251816,0.04273409824056161
2022-07-28,288.0,288.5,278.0,278.0,246.29486083984375,526466,-0.026620915405427863,283.15,-0.011157177565710481,0.0425627598436464
2022-07-29,281.5,288.5,281.5,284.0,251.61056518554688,504328,0.02135312447056906,280.4,-0.0088512934609622,0.04303340128746288
2022-08-01,286.5,287.0,279.5,280.0,248.06675720214844,375059,-0.014184634991956413,279.6,-0.002778492557740526,0.03112024515365874
2022-08-02,272.0,274.0,262.0,262.0,232.11961364746094,913250,-0.06644509940815274,277.8,-0.006437449137215369,0.034102101298103545
2022-08-03,259.0,265.0,255.0,256.0,226.80389404296875,643883,-0.023167059281534418,276.6,-0.004480607934484347,0.03177084875495853
2022-08-04,256.0,258.0,249.0,250.0,221.48817443847656,772313,-0.023716526617316044,274.9,-0.0063756660149479685,0.031729244482439065
2022-08-05,251.0,259.5,251.0,255.5,226.3609161376953,566191,0.02176149178151271,273.325,-0.00581299030579309,0.03214151627546023
2022-08-08,249.5,258.0,249.0,257.0,227.68984985351562,407444,0.005853675251460728,272.15,-0.004374882003376547,0.03197939808822864
2022-08-09,253.0,253.0,243.5,251.0,222.37413024902344,623120,-0.02362314576343594,271.775,-0.0014721377408349824,0.026810402994011898
2022-08-10,252.0,254.5,249.0,253.5,224.58901977539062,695502,0.00991088389945396,271.525,-0.0009765935458622844,0.02693036945089961
2022-08-11,260.0,266.5,258.5,261.0,231.23365783691406,891228,0.029156584291455487,271.425,-0.00038168124275354923,0.027480201900392607
2022-08-12,261.0,276.0,259.0,273.5,242.3080596923828,1201717,0.04678121453934245,271.65,0.000829512113009847,0.02903434295769396
2022-08-15,277.0,284.0,273.0,281.5,249.39569091796875,1174225,0.028830825717709084,271.825,0.0006255666944554033,0.02881060604745627
2022-08-16,283.5,285.5,275.5,278.0,246.29486083984375,865431,-0.01251133388910798,272.0,0.0006334926370525931,0.02880677745379576
2022-08-17,279.0,281.5,276.0,278.5,246.73782348632812,496086,0.0017969456767016347,271.85,-0.0005357194106203175,0.028226714972396705
2022-08-18,276.5,289.5,274.0,287.5,254.71141052246094,914219,0.03180480087006636,271.7,-0.0005190358027280434,0.0282467200545265
2022-08-19,287.5,292.0,285.0,285.0,252.49652099609375,779137,-0.008733679968754553,271.4,-0.0010417043451421046,0.028299778236483733
2022-08-22,290.0,302.0,286.5,288.0,255.15438842773438,1999000,0.010471299867295437,271.25,-0.0005181393517773328,0.028416686377120033
2022-08-23,283.0,285.0,276.0,277.0,245.40890502929688,1077147,-0.03894297394860741,271.125,-0.00044923932039077146,0.028316594080475568
2022-08-24,280.5,282.0,278.5,279.5,247.623779296875,377327,0.008984786407815257,270.825,-0.0010619868250455575,0.027952817846115623
2022-08-25,281.5,285.0,279.0,280.5,248.50973510742188,546420,0.0035714323675971795,270.95,0.00044763056360569463,0.02730767323748476
2022-08-26,285.0,285.5,281.0,281.5,249.39569091796875,355200,0.0035587226169941544,270.825,-0.00044208952907305067,0.02687718511720326
2022-08-29,270.0,273.0,268.5,269.5,238.76425170898438,599173,-0.043564057230693266,270.3,-0.0019110606410098932,0.028426051373205176
2022-08-30,272.0,273.0,270.0,271.0,240.0931854248047,299393,0.0055504305306490415,270.75,0.0016887158559301958,0.024044510710803674
2022-08-31,271.0,280.5,270.5,277.0,245.40890502929688,421530,0.021898685307637524,271.8,0.003942003085388793,0.023701786132897924
2022-09-01,274.0,276.0,264.5,265.5,235.22044372558594,815138,-0.042402665505345015,272.575,0.003007696140987345,0.025172138005975266
2022-09-02,265.5,268.0,260.5,260.5,230.79067993164062,603335,-0.01901197948857189,272.825,0.0009690225774831148,0.025224394593933965
2022-09-05,261.5,262.0,249.0,253.0,224.1460418701172,783673,-0.029213372465901395,272.625,-0.0007843298083849915,0.026071524915537294
2022-09-06,253.0,254.5,245.5,245.5,217.5013885498047,719258,-0.03009254149294502,272.35,-0.0011077995948604454,0.02640776492751526
2022-09-07,241.0,244.0,235.5,238.0,210.85675048828125,862395,-0.031026273563100618,271.575,-0.003154657467988174,0.027086549464978567
2022-09-08,240.0,243.5,237.0,242.0,214.4005584716797,587386,0.016667052485211643,270.625,-0.0037791340583003667,0.02643863450734897
2022-09-12,245.0,254.5,245.0,254.0,225.031982421875,609436,0.04839654086185024,269.65,-0.0036983677421749766,0.026603173768667204
2022-09-13,254.0,258.0,252.0,254.5,225.47496032714844,537178,0.0019665689720408473,268.3,-0.005041580579458389,0.02553089655903298
2022-09-14,243.0,253.0,241.5,250.0,221.48817443847656,625269,-0.017839918128331005,266.9,-0.00530800979141954,0.025640518348136056
2022-09-15,252.0,256.0,250.5,253.5,224.58901977539062,649449,0.013902905168991434,265.65,-0.00470271181680505,0.025958001089524802
2022-09-16,251.5,253.5,249.0,252.5,223.70306396484375,2271078,-0.003952574315823358,263.9,-0.0064905805760995345,0.024501743568883037
2022-09-19,254.0,255.5,250.0,251.5,222.81710815429688,431129,-0.003968259175620622,262.225,-0.006252309536442839,0.024501953164880474
2022-09-20,252.5,257.0,250.5,250.5,221.93115234375,373112,-0.003984069014874459,260.35,-0.006975077980551333,0.02419393833183148
2022-09-21,250.0,252.5,244.5,245.5,217.5013885498047,363154,-0.020161973290344193,258.775,-0.006036027947638173,0.02323325421174699
2022-09-22,242.0,245.0,238.0,245.0,217.05841064453125,402952,-0.002038736689848317,257.05,-0.006587204102521352,0.022987611645943807
2022-09-23,243.0,248.0,239.5,241.0,213.5146026611328,351094,-0.016461277054071962,255.075,-0.007588839573604808,0.022958096202809617
2022-09-26,238.0,238.0,226.0,227.5,201.5542449951172,719205,-0.05764669509964991,252.375,-0.010649110459437013,0.025348751700887254
2022-09-27,226.0,231.0,223.5,229.5,203.32614135742188,491203,0.008752791109594708,250.375,-0.008033268042422614,0.02445706493084326
2022-09-28,226.5,226.5,209.0,210.5,186.4930419921875,1215021,-0.08641737637816374,247.35,-0.012631658387863254,0.029825333785472835
2022-09-29,215.0,216.5,211.5,212.5,188.26495361328125,477212,0.009456335242035444,244.125,-0.013253775891143358,0.02919016993512656
2022-09-30,205.5,218.0,205.0,217.0,192.25173950195312,465657,0.02095536517598809,241.7,-0.010085874357076701,0.02929805989643693
2022-10-03,213.0,223.0,212.0,220.5,195.35256958007812,354119,0.01600034134644112,239.7,-0.008335258315326052,0.02977872087900862
2022-10-04,225.5,228.0,224.0,227.0,201.11126708984375,429182,0.029052322594501953,238.4,-0.005421973562305883,0.030470747940804732
2022-10-05,231.5,237.0,228.5,229.5,203.32614135742188,731030,0.010953012019197145,237.6,-0.003369695886698775,0.030101695597448283
2022-10-06,231.0,232.0,226.0,226.5,200.6682891845703,382609,-0.013158084577511088,237.025,-0.002476286437419299,0.02949673678160067
2022-10-07,226.0,227.0,221.0,221.5,196.238525390625,310088,-0.022322355437898383,236.0,-0.004425756833574801,0.02945333728535517
2022-10-11,215.0,215.5,208.5,208.5,184.7211456298828,597416,-0.06048354824633421,233.725,-0.009869761288984024,0.029237700627510826
2022-10-12,209.0,211.5,203.0,205.5,182.0632781982422,552055,-0.014493007302566864,231.275,-0.010692740102714409,0.029118405672079524
2022-10-13,206.0,207.5,197.0,198.0,175.41864013671875,752148,-0.037179003241754015,228.675,-0.011659694358385559,0.02968385118250897
2022-10-14,203.5,213.5,203.5,211.0,186.93601989746094,558276,0.06359110278153135,226.55,-0.009175284477758564,0.03373837384623517
2022-10-17,207.0,223.0,205.5,222.0,196.68150329589844,965370,0.050819248396212935,225.025,-0.006436693342156749,0.0363095965067296
2022-10-18,229.0,232.0,225.0,228.5,202.44020080566406,1318285,0.028858828461979978,223.875,-0.004795338960276718,0.03715908118744123
2022-10-19,229.5,232.5,228.0,228.0,201.99722290039062,718036,-0.0021905813798185863,222.75,-0.004705664578523925,0.037163305864249825
2022-10-20,224.0,245.5,223.5,245.5,217.5013885498047,1434725,0.07395131828013446,222.75,7.632783294297952e-18,0.04087611105417816
2022-10-21,240.0,242.0,233.5,233.5,206.86996459960938,1232139,-0.05011487012562327,222.175,-0.0024038066717887397,0.042387964201290276
2022-10-24,236.5,242.0,234.0,234.0,207.31292724609375,907215,0.0021390382487494423,221.825,-0.0014737909066476697,0.04226718090621943
2022-10-25,233.0,234.0,224.0,224.0,198.45339965820312,606185,-0.04367506350266153,221.65,-0.0007752093267982506,0.04139639507073513
2022-10-26,227.0,236.5,227.0,232.5,205.9840087890625,1153415,0.03724417317237118,221.8,0.000649359776340573,0.042223510339810234
2022-10-27,240.0,245.0,237.0,239.5,212.1856689453125,1408826,0.029663191823558855,223.25,0.006453388186426703,0.03731877097363482
2022-10-28,236.5,237.5,231.5,231.5,205.09805297851562,634621,-0.03397354332468112,224.2,0.004281894258090875,0.03838320223019617
2022-10-31,235.5,235.5,230.0,233.0,206.42698669433594,510055,0.0064585800394117284,225.0,0.0035570550012620572,0.03818814885400307
2022-11-01,234.5,238.5,232.0,237.0,209.97079467773438,417053,0.017021687569430524,225.825,0.003608122312411527,0.038206343054756266
2022-11-02,237.0,247.0,236.0,244.0,216.17245483398438,1040406,0.029108084158070764,226.675,0.0036109103905899676,0.03820829953474842
2022-11-03,239.5,246.5,238.0,244.0,216.17245483398438,560051,0.0,227.4,0.003063259789630111,0.03817600700585693
2022-11-04,244.5,245.0,238.0,241.0,213.5146026611328,504275,-0.012371291802546829,228.125,0.0031025994283783234,0.03815881296078284
2022-11-07,242.0,251.0,240.5,249.5,221.04519653320312,965292,0.03466198170091846,229.525,0.005951816285319165,0.0382876994611082
2022-11-08,252.5,265.5,250.5,251.0,222.37413024902344,1470640,0.005994023940210426,231.65,0.009275694894646396,0.034957411239889546
2022-11-09,257.0,276.0,257.0,276.0,244.52294921875,2760969,0.09494792658536604,235.175,0.014747741589043042,0.0393327943990466
2022-11-10,276.5,291.0,272.0,279.0,247.18080139160156,5748158,0.010810916104215676,239.225,0.017147237556341524,0.037415354108165835
2022-11-11,298.0,301.0,286.0,288.0,255.15438842773438,4227894,0.03174869831458027,243.075,0.015555117332993973,0.03598518616323897
2022-11-14,288.0,288.5,280.5,283.0,250.72462463378906,1887635,-0.017513582492708357,246.125,0.012138475788547907,0.03570364128600167
2022-11-15,281.5,295.0,280.5,295.0,261.3560485839844,2199696,0.041528458696582275,249.45,0.012771957300278022,0.0361258217504837
2022-11-16,300.0,324.5,297.0,324.5,287.4916687011719,5577400,0.09531017980432493,254.275,0.017646995359485197,0.040333990911810676
2022-11-17,328.0,333.0,320.0,321.5,284.83380126953125,4304473,-0.009287992466470604,258.075,0.013485029822154946,0.03846985373507256
2022-11-18,323.5,334.5,316.0,319.0,282.6189270019531,3419121,-0.007806440892829529,262.35,0.015600451283794633,0.03586344170981449
2022-11-21,319.0,320.5,308.0,308.0,272.8734436035156,1655475,-0.03509131981127006,266.05,0.013738933380793659,0.037526610636904226
2022-11-22,309.0,313.0,305.5,308.5,273.31640625,1069464,0.001622060371868051,270.275,0.016003789574520137,0.03517216581467006
2022-11-23,314.0,315.5,302.0,303.0,268.44366455078125,1283466,-0.017989037836073342,273.8,0.013242129024097913,0.035582644168090254
2022-11-24,305.0,312.5,304.5,310.0,274.6453552246094,1196212,0.022839491969822736,277.325,0.012900944031411104,0.035449368402011475
2022-11-25,310.0,311.0,303.0,303.0,268.44366455078125,866626,-0.02283949196982279,280.9,0.013457646599154022,0.03475512800301431
2022-11-28,301.0,307.0,298.0,305.0,270.215576171875,537759,0.0065789710980425605,284.5,0.013463666152085562,0.0347538623728991
2022-11-29,304.0,304.5,299.0,302.5,268.0007019042969,546008,-0.00823049913651548,287.775,0.012201056816788262,0.03507501861900326
2022-11-30,304.5,313.0,301.5,310.5,275.08831787109375,886328,0.02610262390263739,291.1,0.012050783804016594,0.03500513950663547
2022-12-01,316.5,323.0,311.0,311.0,275.5312805175781,1673301,0.0016090108057006858,294.45,0.012131234344301628,0.03497782442827529
2022-12-02,309.0,313.5,308.0,313.0,277.3031921386719,780235,0.006410278360919019,298.05,0.01307031285247492,0.03453467671003522
2022-12-05,314.0,318.0,312.0,313.0,277.3031921386719,618205,0.0,301.225,0.011337213767428998,0.034262757347097286
2022-12-06,311.0,311.0,299.5,300.5,266.2287902832031,878186,-0.040755436564890966,303.7,0.008999740742173929,0.03618709657914215
2022-12-07,300.0,307.5,296.0,300.5,266.2287902832031,659471,0.0,304.925,0.004252344412905626,0.03002083702967388
2022-12-08,300.5,304.0,300.0,300.0,265.78582763671875,377241,-0.0016652793190612089,305.975,0.0036285346417417813,0.03000700190102446
2022-12-09,305.5,306.5,301.0,301.5,267.11474609375,489196,0.004987541511038968,306.65,0.002290476801564716,0.02927481261361576
2022-12-12,301.0,303.0,295.0,299.0,264.8998718261719,364348,-0.008326442776553668,307.45,0.002749833787372451,0.029018665914484616
2022-12-13,303.0,303.0,294.0,294.0,260.4700927734375,448726,-0.016863806052004805,307.4,-0.00016977945005690348,0.027824645215924298
2022-12-14,296.5,308.0,295.5,307.5,272.4304504394531,835786,0.044895319907890946,306.55,-0.0026905224448786026,0.019864494115001373
2022-12-15,306.5,310.5,305.0,310.0,274.6453552246094,619332,0.008097210232619303,305.975,-0.0018212623099241071,0.019940834465520467
2022-12-16,303.0,312.5,303.0,312.5,276.8602294921875,836408,0.008032171697264253,305.65,-0.0010293316804194184,0.02000503281554588
2022-12-19,316.0,318.5,307.0,308.0,272.8734436035156,742262,-0.014504686202881688,305.65,1.7347234759768072e-19,0.018643470835352033
2022-12-20,308.0,310.0,295.0,295.5,261.79901123046875,664139,-0.04143094612742161,305.0,-0.0021526503249644827,0.02080639481621449
2022-12-21,297.5,301.0,296.0,297.0,263.1279602050781,306670,0.0050633019565466345,304.7,-0.001000033335333484,0.02051946895684434
2022-12-22,301.5,314.5,301.5,307.5,272.4304504394531,907174,0.03474294844387284,304.575,-0.00040486051163097917,0.021401028855050134
2022-12-23,303.5,312.0,302.0,307.5,272.4304504394531,491850,0.0,304.8,0.0007371140868601605,0.020740052515712946
2022-12-26,310.0,313.0,307.0,309.5,274.2023620605469,465025,0.006483004878078312,305.025,0.0007323157758619481,0.020738640893277132
2022-12-27,314.0,328.0,311.5,311.5,275.9742736816406,2281062,0.006441246102857075,305.475,0.0014659030378305759,0.02066427138401515
2022-12-28,308.0,308.5,301.0,302.0,267.5577087402344,773500,-0.03097232085263819,305.05,-0.0013878441999332033,0.021020820522156
2022-12-29,299.0,307.5,296.5,307.5,272.4304504394531,553432,0.01804806987170285,304.875,-0.000565891246633095,0.021460961492900808
2022-12-30,312.0,314.0,302.5,304.5,269.7726135253906,470007,-0.009804000096620856,304.45,-0.0013766051695100888,0.021489795702332296
2023-01-03,307.0,328.0,303.5,325.5,288.3775939941406,2487440,0.06669137449867214,305.075,0.0019579635554235184,0.026341265315411238
2023-01-04,325.0,344.5,322.0,340.0,301.2239074707031,3364811,0.04358315596158313,307.05,0.006174893181747224,0.025890411854040778
2023-01-05,345.0,349.0,337.5,341.5,302.5528564453125,2791585,0.004402061400637665,309.1,0.006394996251779107,0.025853840000802306
2023-01-06,341.5,349.5,338.0,346.5,306.98260498046875,1798481,0.014535139619113223,311.425,0.0072050171986878285,0.025841797055432332
2023-01-09,347.5,349.0,336.5,340.0,301.2239074707031,2187537,-0.018937201019750844,313.35,0.006008780072148338,0.026495331997727047
2023-01-10,340.0,344.0,335.0,337.0,298.5660705566406,1005294,-0.008862687257845317,315.25,0.0059819678480837555,0.02651086895699447
2023-01-11,336.5,345.5,336.5,344.0,304.7677307128906,1217686,0.020558727021036567,317.75,0.007853094501735823,0.026131476792775457
2023-01-12,343.5,345.5,339.0,342.0,302.9958190917969,987373,-0.00583092031079321,319.475,0.005316782490801615,0.024773389515948048
2023-01-13,344.0,345.0,338.5,338.5,299.8949890136719,575050,-0.010286644710275426,320.9,0.0043975897436568795,0.025004771744538114
2023-01-16,340.0,341.5,335.0,336.0,297.68011474609375,493203,-0.007412932389125411,322.075,0.0036253345393373964,0.025124829693051562
2023-01-17,338.0,339.5,336.0,338.0,299.4520263671875,306192,0.0059347355198145265,323.575,0.004647305625472207,0.024761633584565634
2023-01-30,344.5,347.0,343.0,344.0,304.7677307128906,703126,0.01759576189037966,326.0,0.0075986410263622715,0.022384065149612345
2023-01-31,345.0,360.0,344.0,355.0,314.5132141113281,1482770,0.0314761321020175,328.9,0.008919282533635813,0.022997374948452037
2023-02-01,358.0,361.0,353.5,356.0,315.399169921875,892808,0.0028129413766146577,331.325,0.007322782180272905,0.02220497247487685
2023-02-02,360.0,363.0,355.5,359.5,318.5,753486,0.009783446309071029,333.925,0.007811954495726458,0.022142839150913873
2023-02-03,361.0,362.5,353.0,354.5,314.0702209472656,801477,-0.014005831188919212,336.175,0.0067875126923765804,0.022675121113269667
2023-02-06,351.5,353.0,346.0,347.5,307.8685607910156,562585,-0.019943680967335335,337.975,0.00546826633886696,0.023450608596776047
2023-02-07,347.5,359.0,346.0,359.0,318.0570373535156,1003066,0.03255772348343202,340.825,0.00864476855567047,0.022539799647083834
2023-02-08,367.0,392.0,366.5,385.0,341.091796875,2809238,0.06992094579950536,344.7,0.011238412352060596,0.026342498036852166
2023-02-09,379.5,382.0,376.0,381.0,337.5479736328125,1118620,-0.010443959161083262,348.525,0.011206414398837475,0.026369777845703157
2023-02-10,381.0,381.5,375.5,375.5,332.67523193359375,514228,-0.014540903922511578,351.025,0.007144800477778291,0.023470415801026934
2023-02-13,371.0,374.5,365.0,366.0,324.2586975097656,600201,-0.02562513780282316,352.325,0.003684385789557974,0.02291055106030508
2023-02-14,370.0,380.0,370.0,375.5,332.67523193359375,781170,0.025625137802823158,354.025,0.004745539609667249,0.023431124419720797
2023-02-15,375.5,385.5,371.0,372.5,330.01739501953125,987239,-0.008021433384575227,355.325,0.003617710959482827,0.023477933224831764
2023-02-16,377.0,383.5,375.0,379.0,335.7760925292969,663052,0.01729916726281205,357.275,0.005429529373610972,0.02303984888309015
2023-02-17,386.0,398.0,386.0,389.0,344.6355895996094,1929882,0.026043138536019875,359.875,0.007174820663304231,0.023221576499476183
2023-02-20,392.5,396.0,389.0,391.5,346.8504943847656,833305,0.006406171812411507,362.25,0.006467192902872979,0.02300690722143225
2023-02-21,396.0,419.0,395.5,415.0,367.6703796386719,2144380,0.058293004799840425,365.9,0.00967338915840466,0.025532348026933077
2023-02-22,414.5,414.5,396.0,403.0,357.0389404296875,1423791,-0.02934195828401532,369.125,0.008720623479717665,0.026647557659236605
2023-02-23,407.5,414.0,404.0,406.0,359.6968078613281,1030739,0.007416597655049619,372.625,0.009462099981926417,0.026379983804667842
2023-02-24,424.5,428.0,410.0,412.0,365.01251220703125,2216241,0.01467018974779384,376.325,0.009898872693325383,0.0263908216262761
2023-03-01,412.0,416.5,407.0,414.0,366.784423828125,1326725,0.004842624475787991,379.825,0.009261215822595798,0.026349098929083912
2023-03-02,418.5,418.5,411.0,415.5,368.11334228515625,1017097,0.003616640470188515,382.85,0.00786824124100435,0.025844450116872246
2023-03-03,414.0,417.0,410.5,411.5,364.5695495605469,1521582,-0.00967359417837833,385.625,0.0072439144632547,0.02612232427967752
2023-03-06,413.0,416.0,411.0,411.0,364.1265563964844,1087497,-0.001215805620889878,388.2,0.006693951866756654,0.026181762590373747
2023-03-07,413.5,413.5,407.0,409.5,362.7976379394531,764718,-0.0036563112031105433,390.95,0.007211427866047089,0.025851295858084142
2023-03-08,409.0,410.5,405.5,409.5,362.7976379394531,674823,0.0,394.05,0.008208611914413856,0.025123084047282702
2023-03-09,409.5,412.5,406.0,406.5,360.1397705078125,661353,-0.007352974305258806,396.425,0.006213077024979314,0.02466817492711759
2023-03-10,401.0,404.0,394.0,396.0,350.8372802734375,1287076,-0.02616971773338472,396.975,0.0014085438483348097,0.020634845722865974
2023-03-13,390.5,397.5,385.0,397.5,352.16619873046875,871890,0.0037807228399061523,397.8,0.00211977794838428,0.02044912638566544
2023-03-14,394.5,397.5,390.0,391.5,346.8504943847656,585271,-0.015209418663528795,398.6,0.0020863522113334196,0.020478318467685
2023-03-15,399.5,403.5,390.0,390.0,345.52154541015625,899641,-0.003838776307165713,399.8,0.0031756702861162923,0.019481863643979646
2023-03-16,386.0,395.0,384.0,393.0,348.1794128417969,663247,0.007662872745569097,400.675,0.002277557033253589,0.018794374096127796
2023-03-17,399.5,405.5,397.0,403.5,357.48193359375,1088725,0.02636687584074235,402.225,0.003996972494519468,0.01936687315746889
2023-03-20,407.0,414.5,407.0,410.5,363.68359375,1019349,0.017199441182479333,403.8,0.003991986190502832,0.019363280548761286
2023-03-21,414.5,419.0,411.5,418.0,370.3282470703125,1368432,0.018105503632273413,405.25,0.0035951044453155084,0.01896476482295718
2023-03-22,425.0,446.5,423.5,445.0,394.24896240234375,4271393,0.06259284964148396,407.925,0.00640443833676913,0.02311136481795969
2023-03-23,450.0,452.0,430.0,430.5,381.40264892578125,2470780,-0.03312695829845476,408.7,0.0018334401818543718,0.02127637186982906
2023-03-24,433.0,433.0,427.0,427.0,378.30181884765625,943924,-0.008163310639160981,409.9,0.0028923725640970883,0.02013977316627381
2023-03-27,425.5,429.0,419.0,419.0,371.21417236328125,883563,-0.018913093306486845,410.55,0.0015758880160202653,0.020681730939525227
2023-03-28,419.5,424.0,417.5,419.0,371.21417236328125,642630,0.0,410.9,0.0008423785286305734,0.020451750485211823
2023-03-29,421.0,424.0,408.5,413.5,366.3414611816406,904624,-0.013213405458391721,410.875,-6.0422968078412306e-05,0.020663303278595075
2023-03-30,418.0,420.0,413.5,414.5,367.2273864746094,640375,0.0024154601116035583,410.825,-0.00012048198600766012,0.02065379664991312
2023-03-31,416.0,419.0,412.0,414.0,366.784423828125,946109,-0.0012070007500352277,410.95,0.00030284768540949497,0.020534106948548084
2023-04-06,414.0,419.5,412.0,419.5,371.65716552734375,595586,0.013197552081946543,411.375,0.001023515570551316,0.020729995131527148
2023-04-07,424.0,438.5,423.0,425.5,376.9728698730469,1776259,0.014201422106167948,412.175,0.0019164022360152408,0.020901690658126634
2023-04-10,425.5,433.5,422.0,423.0,374.75799560546875,1067311,-0.0058927689671508495,412.85,0.0016217637876576982,0.020971543496689796
2023-04-11,424.5,431.5,423.0,430.0,380.95965576171875,984222,0.01641302964133005,414.025,0.0028100639849871407,0.02110911697594143
2023-04-12,433.5,433.5,418.0,419.5,371.65716552734375,1222401,-0.02472168278034719,415.2,0.0028824657326390174,0.021006723311985956
2023-04-13,420.0,422.0,415.5,416.0,368.55633544921875,451440,-0.008378265645997578,416.125,0.0022745163083438312,0.021154781986612997
2023-04-14,419.5,424.0,417.0,419.0,371.21417236328125,592675,0.007185659660874533,417.5,0.003394270224563997,0.02076982323543363
2023-04-17,420.0,426.0,418.0,425.5,376.9728698730469,746340,0.015394028091291138,419.275,0.00435591044448684,0.02086234050536045
2023-04-18,435.0,449.0,428.5,444.5,393.80596923828125,4548448,0.043685106940530474,421.85,0.006157022154234909,0.022641923627380232
2023-04-19,448.5,452.5,428.0,435.5,385.8323974609375,3584831,-0.02045525866140173,423.45,0.003815915429127705,0.022861870227437516
2023-04-20,435.0,441.5,418.0,418.0,370.3282470703125,1985509,-0.04101336376780117,423.825,0.0009052751816136801,0.024700038434174537
2023-04-21,423.5,425.5,403.0,403.5,357.48193359375,1442507,-0.03530494481475281,423.1,-0.0017652472407376312,0.02561295359733866
2023-04-24,403.0,406.0,399.0,400.0,354.3810729980469,802246,-0.008711940602021455,420.85,-0.005330486752912903,0.020668457669624087
2023-04-25,402.0,403.0,372.0,373.5,330.9033508300781,1835748,-0.06854654253511003,418.0,-0.007101465964745665,0.024362845133825656
2023-04-26,369.0,372.0,361.0,371.0,328.6884460449219,1429200,-0.00671594196543683,415.2,-0.007029097531059458,0.024361674611999902
2023-04-27,372.0,380.5,364.5,379.0,335.7760925292969,936153,0.02133414247499114,413.2,-0.005016735741985559,0.0249827146946446
2023-04-28,383.0,389.0,380.0,381.0,337.5479736328125,784154,0.005263170044274691,411.3,-0.004753577239771824,0.025065921943095672
2023-05-02,380.0,385.5,374.0,380.0,336.6620178222656,550150,-0.002628122406269469,409.625,-0.004224313087165712,0.024989529247462575
2023-05-03,380.0,380.0,372.0,377.5,334.4471435546875,525302,-0.006600684031352024,407.775,-0.004675120294313491,0.024944729298948858
2023-05-04,377.0,380.5,373.0,375.0,332.2322692871094,494231,-0.006644542718668613,405.825,-0.00494699739274516,0.024934570489623466
2023-05-05,376.0,380.0,372.5,375.5,332.67523193359375,426181,0.0013324452337786948,403.625,-0.005540252735153553,0.024619302429910322
2023-05-08,379.0,385.0,378.5,381.5,337.990966796875,504313,0.015852379520322257,401.425,-0.005457704864445838,0.024691641134976457
2023-05-09,382.0,383.0,371.0,372.5,330.01739501953125,618362,-0.023873812904897474,398.9,-0.006356757061333168,0.025033307868938738
2023-05-10,359.0,366.5,355.0,356.0,315.399169921875,2062930,-0.045306306967583726,395.2,-0.009442723891778856,0.02586890429616917
2023-05-11,357.0,359.0,351.0,355.5,314.9561767578125,521448,-0.0014054816087349209,392.0,-0.008276913833198243,0.025668711649488217
2023-05-12,350.5,350.5,334.0,336.5,298.1230773925781,2445583,-0.054927100158513126,388.025,-0.010604355558824021,0.027707743843857678
2023-05-15,330.0,334.5,329.5,333.5,295.4652404785156,710300,-0.008955283729104055,383.75,-0.011411402728322952,0.027395611061403684
2023-05-16,338.0,341.0,336.0,336.5,298.1230773925781,474407,0.00895528372910399,379.3,-0.011733339946432306,0.027100270466224922
2023-05-17,335.5,339.5,332.0,335.5,297.23712158203125,580126,-0.002976192673046001,373.85,-0.014066404927111132,0.023897465243731316
2023-05-18,338.0,341.0,335.0,339.5,300.78094482421875,595510,0.011851990587014328,369.05,-0.012451042464690329,0.024526511877558232
2023-05-19,342.0,344.0,337.0,337.0,298.5660705566406,516258,-0.007391016646389067,365.0,-0.010769925108619724,0.02360053574824788
2023-05-22,336.0,345.5,336.0,344.0,304.7677307128906,422347,0.020558727021036567,362.025,-0.007976741516830255,0.02384842511098842
2023-05-23,346.5,347.5,343.0,344.5,305.2107238769531,475225,0.0014524330803148008,359.25,-0.0074685228327134425,0.023940060366283766
2023-05-24,345.0,345.0,340.0,342.5,303.4388122558594,344075,-0.005822432751433253,357.7,-0.0043323173435296045,0.01914607660904161
2023-05-25,345.0,345.0,340.5,342.5,303.4388122558594,299100,0.0,356.275,-0.003996520245257763,0.019160959285772015
2023-05-26,345.0,347.0,340.5,340.5,301.6669006347656,431189,-0.005856532112712871,354.35,-0.005356053974642963,0.018210111975930456
2023-05-29,341.5,350.5,341.5,348.0,308.3115539550781,492053,0.02178735418490723,352.7,-0.004529844767611336,0.01907174769131016
2023-05-30,350.5,350.5,343.5,349.0,309.197509765625,290353,0.002869442427952739,351.15,-0.004254966525900226,0.019140094844023903
2023-05-31,350.0,354.5,348.0,350.5,310.52642822265625,344055,0.00428878427221772,349.8,-0.0037104931107217382,0.019224553438403513
2023-06-01,350.5,354.0,344.0,353.0,312.7413024902344,500210,0.007107350458652018,348.7,-0.0030228984518557065,0.019359544099822053
2023-06-02,356.0,357.5,351.0,356.5,315.8421325683594,576322,0.009866182921053759,347.75,-0.0025962115674919538,0.01955365785322379
2023-06-05,360.0,363.0,358.0,362.5,321.1578674316406,620554,0.016690234440378947,346.8,-0.0025543188214891192,0.019596114759689715
2023-06-06,360.0,361.0,357.5,361.0,319.82891845703125,535586,-0.004146515961848577,346.225,-0.0015679539743366742,0.01895243702056473
2023-06-07,359.5,372.0,359.5,368.0,326.0306091308594,729050,0.019204979836050046,346.825,0.0016576103658450143,0.016439824018821794
2023-06-08,366.0,372.5,364.0,371.5,329.1314392089844,680399,0.009465925988882832,347.625,0.002201180745725902,0.016512780292681967
2023-06-09,373.5,378.0,372.0,377.0,334.0041809082031,810432,0.014696323290196824,349.65,0.005682351918161399,0.009816429301486091
2023-06-12,380.0,383.5,378.0,383.5,339.76287841796875,645427,0.01709443335930004,352.15,0.006984837772581605,0.009494954997948314
2023-06-13,384.0,388.0,380.5,388.0,343.7496643066406,851854,0.011665718815962635,354.725,0.007120359526924537,0.00954377698873905
2023-06-14,388.0,390.0,385.0,387.5,343.3066711425781,584302,-0.0012894908298717507,357.325,0.007204694619083249,0.009456918585566151
2023-06-15,387.0,389.5,378.0,380.0,336.6620178222656,916700,-0.019544596072970283,359.35,0.005634865286084019,0.011106832377003096
2023-06-16,380.0,382.0,374.5,378.5,335.3330993652344,742325,-0.003955179842927943,361.425,0.005806657126257075,0.010919750094250509
2023-06-19,379.0,382.0,376.5,378.5,335.3330993652344,343302,0.0,363.15,0.004778720775205246,0.010413904011014804
2023-06-20,382.0,382.0,375.0,375.0,332.2322692871094,517910,-0.009290046907092642,364.675,0.004241596775834874,0.01086189507725655
2023-06-21,376.0,376.0,371.0,372.0,329.57440185546875,538149,-0.008032171697264267,366.15,0.004131109828543323,0.010980248016593855
2023-06-26,370.0,370.0,360.0,364.5,322.92974853515625,952877,-0.0203673028244337,367.25,0.0031127446873216386,0.012254141913086712
2023-06-27,362.5,363.5,356.5,356.5,315.8421325683594,755713,-0.022192311594362184,368.05,0.002295955713239173,0.013376473748683575
2023-06-28,360.0,361.0,355.0,359.5,318.5,1262241,0.008379937306750697,368.625,0.0016255848693313463,0.012665292868217718
2023-06-29,318.5,338.0,318.5,325.5,325.5,1860340,-0.09935171551247739,367.45,-0.00348547302769016,0.025874385809699686
2023-06-30,325.5,325.5,318.5,321.0,321.0,509041,-0.01392133851860812,365.975,-0.004395979167231452,0.025906797282130918
2023-07-03,325.0,325.5,319.5,324.0,324.0,360127,0.00930239266231341,364.525,-0.004286227057048383,0.025962684406983683
2023-07-04,326.0,333.0,324.0,331.5,331.5,354310,0.022884293833587806,363.275,-0.0036353215114216797,0.026493923421885272
2023-07-05,334.0,334.0,325.0,325.5,325.5,334166,-0.018265347977293313,361.425,-0.005383100632305293,0.02623421470236319
2023-07-06,325.5,328.0,321.5,321.5,321.5,302523,-0.012364917970949876,359.45,-0.005794020732760358,0.026278153749402924
2023-07-07,321.5,321.5,314.0,315.0,315.0,490067,-0.020424904852041004,356.8,-0.0077755149671649105,0.025783381303835787
2023-07-10,316.5,319.5,312.0,313.0,313.0,417053,-0.006369448285479823,353.875,-0.008567283680883043,0.02546725871334118
2023-07-11,317.0,318.0,313.5,317.5,317.5,362221,0.014274627792593033,350.9,-0.008588368455763232,0.025447151303886962
2023-07-12,318.5,319.5,314.0,315.5,315.5,358054,-0.006319136351478546,347.5,-0.009759046941302162,0.02473195889310729
2023-07-13,319.0,325.5,317.5,322.0,322.0,372006,0.020392863563140535,344.2,-0.009322689703943267,0.02520237560822076
2023-07-14,329.0,329.0,321.5,324.0,324.0,327071,0.00619197024792098,341.025,-0.008948616650053632,0.025382763283209632
2023-07-17,325.5,325.5,317.0,318.5,318.5,468437,-0.017121040780111313,337.95,-0.008827438885410682,0.02533525608935983
2023-07-18,319.0,321.0,315.0,317.0,317.0,348075,-0.0047207011349374535,334.875,-0.008865714950011157,0.02532808500125703
2023-07-19,323.0,326.5,317.5,318.5,318.5,487258,0.004720701134937394,331.875,-0.008629679893264287,0.025436816931250772
2023-07-20,319.5,323.5,318.5,321.5,321.5,237348,0.009375068665456102,329.2,-0.007696424114636851,0.02575176745634561
2023-07-21,321.5,324.0,317.0,322.0,322.0,259261,0.0015540018667343205,326.7,-0.007217115436436922,0.02583426929854581
2023-07-24,322.0,322.0,313.5,313.5,313.5,478477,-0.026752185471432943,324.15,-0.007536359568786883,0.026043923556599447
2023-07-25,314.0,318.0,313.0,318.0,318.0,191030,0.014252022707201413,322.225,-0.005714142853708704,0.02623874227520939
2023-07-26,317.5,325.0,313.5,313.5,313.5,291306,-0.014252022707201502,319.925,-0.006845740854406314,0.026086498164892558
2023-07-27,316.5,336.5,316.0,331.5,331.5,1105793,0.05582844955294188,320.225,0.0009132673988646496,0.019325817144734036
2023-07-28,331.5,332.0,326.0,327.0,327.0,390817,-0.013667638728663757,320.525,0.0009259523883618677,0.01931564818389502
2023-07-31,333.0,335.5,327.5,330.0,330.0,426496,0.009132483563272474,320.825,0.0009174569334098208,0.019311807118311864
2023-08-01,331.0,336.5,330.5,336.0,336.0,429827,0.018018505502678212,321.05,0.0006741675168643413,0.0190493709431822
2023-08-02,338.5,338.5,324.0,326.0,326.0,511360,-0.030213778596496595,321.075,7.674598590417716e-05,0.019845341295448033
2023-08-04,325.0,329.0,321.5,329.0,329.0,206100,0.009160369398664195,321.45,0.0011530103543848807,0.019718364622052235
2023-08-07,329.0,329.0,324.5,327.0,327.0,148022,-0.006097579868118445,322.05,0.0018693766035810084,0.019145104068190484
2023-08-08,328.0,328.0,322.0,323.5,323.5,169032,-0.010761056956298146,322.575,0.0016497961700400923,0.01926935184619548
2023-08-09,317.5,319.0,313.5,315.5,315.5,466598,-0.02504043195968744,322.475,-0.0003159568175739312,0.019908406976939855
2023-08-10,314.0,314.5,307.0,309.5,309.5,370301,-0.01920058985661707,322.175,-0.0009600294928308573,0.02031701815449649
2023-08-11,315.5,331.0,314.5,322.5,322.5,682218,0.04114504411117649,322.2,7.757953457094048e-05,0.02193075446727827
2023-08-14,321.5,321.5,306.0,309.0,309.0,491264,-0.0427618593380817,321.45,-0.0023701119447291936,0.02385946762999449
2023-08-15,311.0,317.5,311.0,313.5,313.5,182273,0.014458083175229917,321.2,-0.0007911557469621321,0.023876817552363157
2023-08-16,314.0,314.0,302.0,304.0,304.0,674121,-0.03077165866675366,320.55,-0.002093703623552942,0.024795375758500188
2023-08-17,302.0,306.0,296.0,305.5,305.5,524062,0.004922077205428235,319.9,-0.0020836348200284002,0.024798329275122794
2023-08-18,305.0,305.0,295.0,297.0,297.0,416421,-0.02821763980895041,318.675,-0.003963270243748726,0.025303639541192583
2023-08-21,298.5,303.5,293.0,301.5,301.5,440183,0.015037877364540502,317.65,-0.003289076468858417,0.02563583211932117
2023-08-22,304.5,307.5,301.0,302.5,302.5,190065,0.003311261303656005,317.1,-0.0017859041301039693,0.025062635550067897
2023-08-23,298.0,303.5,298.0,303.5,303.5,125052,0.0033003330286566998,316.375,-0.002333488614031205,0.02481217448356081
2023-08-24,304.0,310.5,303.0,307.0,307.0,340124,0.011466137087644225,316.05,-0.0010475806242889185,0.024828403807423627
2023-08-25,305.0,307.0,302.0,307.0,307.0,188220,0.0,314.825,-0.003839003101936013,0.020929602435852634
2023-08-28,307.0,312.0,304.5,310.5,310.5,328184,0.011336153786336307,314.0,-0.0025888134761860096,0.021057991020573038
2023-08-29,311.0,313.0,307.0,311.5,311.5,177314,0.003215436853974393,313.075,-0.002884665811650914,0.020925797068574555
2023-08-30,313.5,314.0,311.0,314.0,314.0,179235,0.007993647680745584,311.975,-0.003385908702747545,0.020514771213462228
2023-08-31,315.0,322.5,314.0,322.0,322.0,592170,0.02515855963615493,311.775,-0.0006172917911149687,0.02043990961783549
2023-09-01,321.5,324.0,320.5,322.0,322.0,272079,0.0,311.425,-0.0010753102610481784,0.020311509533367706
2023-09-04,323.0,334.0,321.0,333.0,333.0,657880,0.03359094443603542,311.725,0.0009091159541595149,0.0216871997726558
2023-09-05,337.0,363.0,336.0,360.0,360.0,3127194,0.07796154146971192,313.55,0.005345245875460018,0.027475976505896713
2023-09-06,355.5,360.0,350.0,351.0,351.0,995638,-0.025317807984289897,315.325,0.005331377074229896,0.02749218647058103
2023-09-07,349.0,354.5,342.0,347.5,347.5,661586,-0.01002155846101899,317.225,0.0057903286440097994,0.027135399795252934
2023-09-08,349.0,354.0,345.0,349.0,349.0,716185,0.00430725719758027,318.55,0.003948439298329988,0.025828035549758686
2023-09-11,352.0,363.0,352.0,357.5,357.5,1979766,0.024063439931635244,320.975,0.007289704261815836,0.02370225528630147
2023-09-12,360.0,365.0,346.0,362.0,362.0,1619271,0.012508849691708707,323.4,0.007192242587639774,0.02367522028430452
2023-09-13,362.0,364.5,357.0,358.0,358.0,951259,-0.011111225425070722,326.1,0.008175264249723922,0.02238918625936354
2023-09-14,360.0,369.0,358.0,367.5,367.5,1287004,0.026190332252191074,329.2,0.009238677002062063,0.02272904480976827
2023-09-15,370.0,381.5,370.0,375.5,375.5,2048124,0.02153515255129796,333.125,0.011726316620074482,0.02107635330715013
2023-09-18,372.0,383.5,366.0,367.0,367.0,1160025,-0.022896623149619176,336.4,0.009829591594366499,0.022426336624012725
2023-09-19,372.5,375.0,362.0,370.0,370.0,957395,0.008141157583699866,339.775,0.01007108640836869,0.022378404413539943
2023-09-20,371.5,375.5,356.5,358.5,358.5,1092705,-0.031574345598595094,342.525,0.008327352477006103,0.024216950830568195
2023-09-21,353.5,364.5,353.5,364.0,364.0,927135,0.015225207597065596,345.375,0.00851530600247717,0.024257147995833492
2023-09-22,359.5,368.0,359.0,368.0,368.0,447447,0.01092907053219023,348.425,0.009061759529086682,0.024178196944983528
2023-09-25,368.0,371.0,360.0,369.0,369.0,427054,0.0027137058715963258,351.35,0.008630637133349684,0.02421235714116663
2023-09-26,368.0,368.0,361.5,361.5,361.5,282149,-0.020534602441707864,353.85,0.00744313516856557,0.025059518745509275
2023-09-27,358.5,361.0,354.5,358.0,358.0,405522,-0.009729055198119037,356.05,0.0065570000246223375,0.02535068405956632
2023-09-28,358.0,360.0,354.0,355.0,355.0,201068,-0.008415196925284472,357.7,0.004878312196550368,0.025165008359054216
2023-10-02,355.0,361.0,355.0,361.0,361.0,188501,0.0167601688574651,359.65,0.005716320639423624,0.02527283823159922
2023-10-03,362.0,373.0,361.0,361.0,361.0,598005,0.0,361.05,0.0040367734176218525,0.02442483074958965
2023-10-04,361.0,366.0,355.5,366.0,366.0,329450,0.013755375068485419,361.35,0.0008264650975605278,0.017408910425822106
2023-10-05,369.5,371.5,367.0,368.0,368.0,326384,0.005449604767564685,362.2,0.0023648357351532564,0.016301197571650185
2023-10-06,368.0,370.5,360.0,360.5,360.5,269165,-0.02059098144392711,362.85,0.0018363645860078506,0.01688476882811113
2023-10-11,364.0,365.5,359.0,360.5,360.5,382097,0.0,363.425,0.0016210017261288373,0.016879062474842093
2023-10-12,361.0,362.5,351.5,358.5,358.5,575323,-0.005563296685328715,363.475,0.00013966489528063935,0.016087288518204578
2023-10-13,358.5,369.0,358.0,365.0,365.0,508593,0.017968693542816556,363.625,0.0004126570878360318,0.016352375041941196
2023-10-16,364.0,364.0,355.5,363.0,363.0,465986,-0.005494519317640702,363.875,0.0006934923932075329,0.016191486905929767
2023-10-17,363.5,377.5,363.5,372.5,372.5,1294442,0.025834203554763523,364.125,0.0006756859583361552,0.01616214044221652
2023-10-18,369.5,378.0,368.0,378.0,378.0,1578828,0.01465715779997344,364.25,0.00033178622076992923,0.015763181213678933
2023-10-19,375.5,386.0,372.0,373.5,373.5,1409775,-0.01197619104671565,364.575,0.0008778078259151056,0.01509102952123194
2023-10-20,375.0,377.0,368.5,377.0,377.0,597111,0.009327182875138661,364.925,0.0009371090904870455,0.015123369202073217
2023-10-23,377.0,380.5,360.0,362.5,362.5,951628,-0.03922071315328127,365.125,0.0005547907127527368,0.016056384660486967
2023-10-24,360.5,363.5,355.0,362.5,362.5,461500,0.0,365.05,-0.00020646966710054297,0.015680760240702685
2023-10-25,363.0,366.0,362.0,363.5,363.5,282046,0.0027548226788446837,364.825,-0.0006151820597678203,0.015480491412762023
2023-10-26,359.5,364.0,358.0,361.0,361.0,344100,-0.006901338640693157,364.425,-0.0010959342853822944,0.015520917106793318
2023-10-27,363.5,363.5,353.0,354.5,354.5,423046,-0.01816961236069878,364.075,-0.0009776847813318403,0.015373332161668233
2023-10-30,357.0,370.0,355.0,365.5,365.5,704690,0.03055793321765096,364.45,0.0010366646394566596,0.01674452642685302
2023-10-31,368.0,368.5,358.0,358.5,358.5,324004,-0.019337619150158174,364.625,0.0004905435282129743,0.01723981457872844
2023-11-01,361.0,371.5,361.0,368.0,368.0,524191,0.026154278129255894,364.975,0.0009602489918025137,0.017824476117403433
2023-11-02,372.0,377.0,367.0,375.5,375.5,797015,0.02017553303525846,365.7,0.0019690256435654367,0.01833099113583536
2023-11-03,379.0,380.0,373.5,373.5,373.5,533666,-0.005340466631317474,366.075,0.0010142335585752922,0.018181479255518995
