,Unnamed: 0,代號,股票名稱,上市日,市場別,產業別
0,2,1101,台泥,1962-02-09,上市,水泥工業
1,3,1102,亞泥,1962-06-08,上市,水泥工業
2,4,1103,嘉泥,1969-11-14,上市,水泥工業
3,5,1104,環泥,1971-02-01,上市,水泥工業
4,6,1108,幸福,1990-06-06,上市,水泥工業
5,7,1109,信大,1991-12-05,上市,水泥工業
6,8,1110,東泥,1994-10-22,上市,水泥工業
7,9,1201,味全,1962-02-09,上市,食品工業
8,10,1203,味王,1964-08-24,上市,食品工業
9,11,1210,大成,1978-05-20,上市,食品工業
10,12,1213,大飲,1981-04-10,上市,食品工業
11,13,1215,卜蜂,1987-07-27,上市,食品工業
12,14,1216,統一,1987-12-28,上市,食品工業
13,15,1217,愛之味,1989-10-28,上市,食品工業
14,16,1218,泰山,1989-11-11,上市,食品工業
15,17,1219,福壽,1990-12-01,上市,食品工業
16,18,1220,台榮,1991-11-20,上市,食品工業
17,19,1225,福懋油,1993-09-27,上市,食品工業
18,20,1227,佳格,1994-04-09,上市,食品工業
19,21,1229,聯華,1976-07-19,上市,食品工業
20,22,1231,聯華食,1995-11-02,上市,食品工業
21,23,1232,大統益,1996-02-09,上市,食品工業
22,24,1233,天仁,1999-01-20,上市,食品工業
23,25,1234,黑松,1999-03-12,上市,食品工業
24,26,1235,興泰,2000-09-11,上市,食品工業
25,27,1236,宏亞,2001-09-17,上市,食品工業
27,29,1301,台塑,1964-07-27,上市,塑膠工業
28,30,1303,南亞,1967-11-05,上市,塑膠工業
29,31,1304,台聚,1972-05-20,上市,塑膠工業
30,32,1305,華夏,1973-03-05,上市,塑膠工業
31,33,1307,三芳,1985-11-23,上市,塑膠工業
32,34,1308,亞聚,1986-06-20,上市,塑膠工業
33,35,1309,台達化,1986-06-27,上市,塑膠工業
34,36,1310,台苯,1987-08-06,上市,塑膠工業
35,37,1312,國喬,1988-12-21,上市,塑膠工業
36,38,1313,聯成,1989-03-27,上市,塑膠工業
37,39,1314,中石化,1991-07-12,上市,塑膠工業
38,40,1315,達新,1992-05-09,上市,塑膠工業
39,41,1316,上曜,1992-10-15,上市,建材營造業
40,42,1319,東陽,1994-12-12,上市,汽車工業
41,43,1321,大洋,1999-01-26,上市,塑膠工業
42,44,1323,永裕,2000-09-11,上市,塑膠工業
43,45,1324,地球,2000-09-11,上市,塑膠工業
44,46,1325,恆大,2000-09-11,上市,塑膠工業
45,47,1326,台化,1984-12-20,上市,塑膠工業
48,50,1339,昭輝,2012-04-24,上市,汽車工業
51,53,1342,八貫,2020-11-24,上市,其他業
52,54,1402,遠東新,1967-04-14,上市,紡織纖維
53,55,1409,新纖,1973-08-31,上市,紡織纖維
54,56,1410,南染,1973-10-18,上市,紡織纖維
55,57,1413,宏洲,1975-12-23,上市,紡織纖維
56,58,1414,東和,1976-02-02,上市,紡織纖維
57,59,1416,廣豐,1976-04-20,上市,其他業
58,60,1417,嘉裕,1976-12-28,上市,紡織纖維
59,61,1418,東華,1977-02-14,上市,紡織纖維
60,62,1419,新紡,1977-03-14,上市,紡織纖維
61,63,1423,利華,1979-04-02,上市,紡織纖維
62,64,1432,大魯閣,1982-07-26,上市,貿易百貨業
63,65,1434,福懋,1985-12-24,上市,紡織纖維
64,66,1435,中福,1987-12-28,上市,其他業
65,67,1436,華友聯,1988-04-11,上市,建材營造業
66,68,1437,勤益控,1988-11-10,上市,其他業
67,69,1438,三地開發,1988-12-15,上市,建材營造業
68,70,1439,雋揚,1989-05-22,上市,紡織纖維
69,71,1440,南紡,1989-10-03,上市,紡織纖維
70,72,1441,大東,1989-10-27,上市,紡織纖維
71,73,1442,名軒,1989-11-16,上市,建材營造業
72,74,1443,立益物流,1990-04-21,上市,其他業
73,75,1444,力麗,1990-08-08,上市,紡織纖維
74,76,1445,大宇,1991-02-05,上市,紡織纖維
75,77,1446,宏和,1991-10-15,上市,紡織纖維
76,78,1447,力鵬,1992-01-28,上市,紡織纖維
77,79,1449,佳和,1992-03-12,上市,紡織纖維
78,80,1451,年興,1992-12-21,上市,紡織纖維
79,81,1452,宏益,1992-12-28,上市,紡織纖維
80,82,1453,大將,1993-04-19,上市,建材營造業
81,83,1454,台富,1993-05-07,上市,紡織纖維
82,84,1455,集盛,1993-10-07,上市,紡織纖維
83,85,1456,怡華,1993-12-09,上市,建材營造業
84,86,1457,宜進,1994-10-20,上市,紡織纖維
85,87,1459,聯發,1994-10-26,上市,紡織纖維
86,88,1460,宏遠,1995-04-28,上市,紡織纖維
87,89,1463,強盛,1996-12-05,上市,紡織纖維
88,90,1464,得力,1997-01-18,上市,紡織纖維
89,91,1465,偉全,1997-09-08,上市,紡織纖維
90,92,1466,聚隆,1998-04-04,上市,紡織纖維
91,93,1467,南緯,1998-12-21,上市,紡織纖維
92,94,1468,昶和,1999-01-21,上市,紡織纖維
93,95,1470,大統新創,1999-05-21,上市,紡織纖維
94,96,1471,首利,2000-03-06,上市,電子零組件業
95,97,1472,三洋實業,2000-09-11,上市,紡織纖維
96,98,1473,台南,2000-09-11,上市,紡織纖維
97,99,1474,弘裕,2000-10-31,上市,紡織纖維
98,100,1475,業旺,2000-10-27,上市,紡織纖維
99,101,1476,儒鴻,2001-04-18,上市,紡織纖維
100,102,1477,聚陽,2003-01-21,上市,紡織纖維
101,103,1503,士電,1969-12-15,上市,電機機械
102,104,1504,東元,1973-11-05,上市,電機機械
103,105,1506,正道,1980-08-11,上市,電機機械
104,106,1512,瑞利,1994-01-28,上市,汽車工業
105,107,1513,中興電,1994-03-08,上市,電機機械
106,108,1514,亞力,1994-03-26,上市,電機機械
107,109,1515,力山,1995-02-04,上市,電機機械
108,110,1516,川飛,1995-04-01,上市,其他業
109,111,1517,利奇,1995-11-14,上市,電機機械
110,112,1519,華城,1997-04-16,上市,電機機械
111,113,1521,大億,1997-10-06,上市,汽車工業
112,114,1522,堤維西,1997-10-06,上市,汽車工業
113,115,1524,耿鼎,1998-10-30,上市,汽車工業
114,116,1525,江申,1999-05-15,上市,汽車工業
115,117,1526,日馳,2000-03-27,上市,電機機械
116,118,1527,鑽全,2000-06-21,上市,電機機械
117,119,1528,恩德,2000-09-11,上市,電機機械
118,120,1529,樂事綠能,2000-09-11,上市,電機機械
119,121,1530,亞崴,2000-09-11,上市,電機機械
120,122,1531,高林股,2000-09-11,上市,電機機械
121,123,1532,勤美,2000-09-11,上市,電機機械
122,124,1533,車王電,2001-04-06,上市,汽車工業
123,125,1535,中宇,2001-09-17,上市,電機機械
124,126,1536,和大,2001-09-17,上市,汽車工業
125,127,1537,廣隆,2002-01-22,上市,電機機械
126,128,1538,正峰,2002-08-26,上市,電機機械
127,129,1539,巨庭,2002-10-29,上市,電機機械
128,130,1540,喬福,2002-08-26,上市,電機機械
129,131,1541,錩泰,2003-03-19,上市,電機機械
130,132,1558,伸興,2014-12-23,上市,電機機械
131,133,1560,中砂,2005-01-31,上市,電機機械
132,134,1568,倉佑,2014-05-14,上市,汽車工業
133,135,1582,信錦,2009-12-17,上市,電子零組件業
134,136,1583,程泰,2008-01-24,上市,電機機械
135,137,1587,吉茂,2018-04-16,上市,汽車工業
138,140,1597,直得,2020-12-23,上市,電機機械
139,141,1598,岱宇,2016-09-20,上市,生技醫療業
140,142,1603,華電,1968-06-03,上市,電器電纜
141,143,1604,聲寶,1970-12-14,上市,電器電纜
142,144,1605,華新,1972-11-03,上市,電器電纜
143,145,1608,華榮,1988-07-11,上市,電器電纜
144,146,1609,大亞,1988-12-12,上市,電器電纜
145,147,1611,中電,1990-01-16,上市,電器電纜
146,148,1612,宏泰,1993-05-08,上市,電器電纜
147,149,1614,三洋電,1997-09-18,上市,電器電纜
148,150,1615,大山,2000-03-30,上市,電器電纜
149,151,1616,億泰,2000-09-11,上市,電器電纜
150,152,1617,榮星,2000-09-11,上市,電器電纜
151,153,1618,合機,2000-09-11,上市,電器電纜
153,155,1701,中化,1962-02-09,上市,生技醫療業
154,156,1702,南僑,1973-05-30,上市,食品工業
155,157,1707,葡萄王,1982-12-20,上市,生技醫療業
156,158,1708,東鹼,1986-06-16,上市,化學工業
157,159,1709,和益,1986-07-03,上市,化學工業
158,160,1710,東聯,1987-10-21,上市,化學工業
159,161,1711,永光,1988-12-27,上市,化學工業
160,162,1712,興農,1989-12-14,上市,化學工業
161,163,1713,國化,1990-01-31,上市,化學工業
162,164,1714,和桐,1991-08-30,上市,化學工業
163,165,1717,長興,1994-03-31,上市,化學工業
164,166,1718,中纖,1963-12-02,上市,化學工業
165,167,1720,生達,1995-12-12,上市,生技醫療業
166,168,1721,三晃,1996-05-16,上市,化學工業
167,169,1722,台肥,1998-03-24,上市,化學工業
168,170,1723,中碳,1998-11-27,上市,化學工業
169,171,1725,元禎,2000-09-11,上市,化學工業
170,172,1726,永記,2000-09-11,上市,化學工業
171,173,1727,中華化,2000-09-11,上市,化學工業
172,174,1730,花仙子,2001-09-17,上市,化學工業
173,175,1731,美吾華,2001-09-17,上市,生技醫療業
174,176,1732,毛寶,2001-09-17,上市,化學工業
175,177,1733,五鼎,2001-09-17,上市,生技醫療業
176,178,1734,杏輝,2002-08-26,上市,生技醫療業
177,179,1735,日勝化,2002-08-26,上市,化學工業
178,180,1736,喬山,2003-01-09,上市,生技醫療業
179,181,1737,臺鹽,2003-11-18,上市,食品工業
180,182,1752,南光,2022-01-19,上市,生技醫療業
181,183,1760,寶齡富錦,2018-01-23,上市,生技醫療業
182,184,1762,中化生,2010-12-20,上市,生技醫療業
183,185,1773,勝一,2009-02-27,上市,化學工業
184,186,1776,展宇,2016-05-09,上市,化學工業
185,187,1783,和康生,2013-12-20,上市,生技醫療業
186,188,1786,科妍,2013-11-12,上市,生技醫療業
187,189,1789,神隆,2011-09-29,上市,生技醫療業
188,190,1795,美時,2019-12-16,上市,生技醫療業
189,191,1802,台玻,1973-07-20,上市,玻璃陶瓷
190,192,1805,寶徠,1989-10-20,上市,建材營造業
191,193,1806,冠軍,1992-09-29,上市,玻璃陶瓷
192,194,1808,潤隆,1994-10-26,上市,建材營造業
193,195,1809,中釉,1996-04-30,上市,玻璃陶瓷
194,196,1810,和成,1991-10-14,上市,玻璃陶瓷
195,197,1817,凱撒衛,2013-10-24,上市,玻璃陶瓷
196,198,1903,士紙,1963-12-09,上市,造紙工業
197,199,1904,正隆,1971-09-10,上市,造紙工業
198,200,1905,華紙,1975-02-07,上市,造紙工業
199,201,1906,寶隆,1976-04-26,上市,造紙工業
200,202,1907,永豐餘,1977-02-22,上市,造紙工業
201,203,1909,榮成,1985-11-19,上市,造紙工業
202,204,2002,中鋼,1974-12-26,上市,鋼鐵工業
203,205,2006,東和鋼鐵,1988-07-13,上市,鋼鐵工業
204,206,2007,燁興,1988-10-04,上市,鋼鐵工業
205,207,2008,高興昌,1988-12-28,上市,鋼鐵工業
206,208,2009,第一銅,1989-10-20,上市,鋼鐵工業
207,209,2010,春源,1989-12-22,上市,鋼鐵工業
208,210,2012,春雨,1991-10-17,上市,鋼鐵工業
209,211,2013,中鋼構,1992-01-21,上市,鋼鐵工業
210,212,2014,中鴻,1992-02-20,上市,鋼鐵工業
211,213,2015,豐興,1992-05-25,上市,鋼鐵工業
212,214,2017,官田鋼,1992-11-02,上市,鋼鐵工業
213,215,2020,美亞,1993-04-27,上市,鋼鐵工業
214,216,2022,聚亨,1995-03-27,上市,鋼鐵工業
215,217,2023,燁輝,1995-07-28,上市,鋼鐵工業
216,218,2024,志聯,1995-12-30,上市,鋼鐵工業
217,219,2025,千興,1996-02-08,上市,鋼鐵工業
218,220,2027,大成鋼,1996-10-24,上市,鋼鐵工業
219,221,2028,威致,1996-12-13,上市,鋼鐵工業
220,222,2029,盛餘,1997-01-11,上市,鋼鐵工業
221,223,2030,彰源,1998-12-24,上市,鋼鐵工業
222,224,2031,新光鋼,2000-09-11,上市,鋼鐵工業
223,225,2032,新鋼,2000-09-11,上市,鋼鐵工業
224,226,2033,佳大,2000-09-11,上市,鋼鐵工業
225,227,2034,允強,2001-09-17,上市,鋼鐵工業
226,228,2038,海光,2008-12-30,上市,鋼鐵工業
227,229,2049,上銀,2009-06-26,上市,電機機械
228,230,2059,川湖,2008-06-25,上市,電子零組件業
229,231,2062,橋椿,2007-11-16,上市,其他業
230,232,2069,運錩,2016-03-22,上市,鋼鐵工業
231,233,2101,南港,1963-11-01,上市,橡膠工業
232,234,2102,泰豐,1979-07-16,上市,橡膠工業
233,235,2103,台橡,1982-09-25,上市,橡膠工業
234,236,2104,國際中橡,1986-07-15,上市,橡膠工業
235,237,2105,正新,1987-12-07,上市,橡膠工業
236,238,2106,建大,1990-12-20,上市,橡膠工業
237,239,2107,厚生,1992-03-03,上市,橡膠工業
238,240,2108,南帝,1992-10-27,上市,橡膠工業
239,241,2109,華豐,2000-05-08,上市,橡膠工業
240,242,2114,鑫永銓,2010-12-29,上市,橡膠工業
242,244,2201,裕隆,1976-07-08,上市,汽車工業
243,245,2204,中華,1991-03-12,上市,汽車工業
244,246,2206,三陽工業,1996-07-29,上市,汽車工業
245,247,2207,和泰車,1997-02-25,上市,汽車工業
246,248,2208,台船,2008-12-22,上市,航運業
247,249,2211,長榮鋼,2021-04-12,上市,鋼鐵工業
248,250,2227,裕日車,2004-12-21,上市,汽車工業
249,251,2228,劍麟,2013-11-25,上市,汽車工業
250,252,2231,為升,2010-11-19,上市,汽車工業
251,253,2233,宇隆,2019-09-17,上市,汽車工業
254,256,2241,艾姆勒,2020-08-26,上市,汽車工業
256,258,2247,汎德永業,2020-10-12,上市,汽車工業
258,260,2301,光寶科,1995-11-17,上市,電腦及週邊設備業
259,261,2302,麗正,1985-01-15,上市,半導體業
260,262,2303,聯電,1985-07-16,上市,半導體業
261,263,2305,全友,1988-10-21,上市,電腦及週邊設備業
262,264,2308,台達電,1988-12-19,上市,電子零組件業
263,265,2312,金寶,1989-11-07,上市,其他電子業
264,266,2313,華通,1990-07-24,上市,電子零組件業
265,267,2314,台揚,1990-08-08,上市,通信網路業
266,268,2316,楠梓電,1991-02-05,上市,電子零組件業
267,269,2317,鴻海,1991-06-18,上市,其他電子業
268,270,2321,東訊,1991-11-08,上市,通信網路業
269,271,2323,中環,1992-02-17,上市,光電業
270,272,2324,仁寶,1992-02-18,上市,電腦及週邊設備業
271,273,2327,國巨,1993-10-22,上市,電子零組件業
272,274,2328,廣宇,1993-11-09,上市,電子零組件業
273,275,2329,華泰,1994-04-20,上市,半導體業
274,276,2330,台積電,1994-09-05,上市,半導體業
275,277,2331,精英,1994-09-21,上市,電腦及週邊設備業
276,278,2332,友訊,1994-10-17,上市,通信網路業
277,279,2337,旺宏,1995-03-15,上市,半導體業
278,280,2338,光罩,1995-04-17,上市,半導體業
279,281,2340,台亞,1995-05-02,上市,半導體業
280,282,2342,茂矽,1995-09-19,上市,半導體業
281,283,2344,華邦電,1995-10-18,上市,半導體業
282,284,2345,智邦,1995-11-15,上市,通信網路業
283,285,2347,聯強,1995-12-13,上市,電子通路業
284,286,2348,海悅,1996-01-05,上市,其他業
285,287,2349,錸德,1996-04-23,上市,光電業
286,288,2351,順德,1996-04-25,上市,半導體業
287,289,2352,佳世達,1996-07-22,上市,電腦及週邊設備業
288,290,2353,宏碁,1996-09-18,上市,電腦及週邊設備業
289,291,2354,鴻準,1996-10-08,上市,其他電子業
290,292,2355,敬鵬,1996-10-14,上市,電子零組件業
291,293,2356,英業達,1996-11-13,上市,電腦及週邊設備業
292,294,2357,華碩,1996-11-14,上市,電腦及週邊設備業
293,295,2358,廷鑫,1996-12-18,上市,其他業
294,296,2359,所羅門,1996-12-19,上市,其他電子業
295,297,2360,致茂,1996-12-21,上市,其他電子業
296,298,2362,藍天,1997-04-02,上市,電腦及週邊設備業
297,299,2363,矽統,1997-08-01,上市,半導體業
298,300,2364,倫飛,1997-08-11,上市,電腦及週邊設備業
299,301,2365,昆盈,1997-11-03,上市,電腦及週邊設備業
300,302,2367,燿華,1997-12-13,上市,電子零組件業
301,303,2368,金像電,1998-03-09,上市,電子零組件業
302,304,2369,菱生,1998-04-10,上市,半導體業
303,305,2371,大同,1962-02-09,上市,電機機械
304,306,2373,震旦行,1991-08-01,上市,其他電子業
305,307,2374,佳能,1995-01-16,上市,光電業
306,308,2375,凱美,1998-08-29,上市,電子零組件業
307,309,2376,技嘉,1998-09-24,上市,電腦及週邊設備業
308,310,2377,微星,1998-10-31,上市,電腦及週邊設備業
309,311,2379,瑞昱,1998-10-26,上市,半導體業
310,312,2380,虹光,1998-12-03,上市,電腦及週邊設備業
311,313,2382,廣達,1999-01-08,上市,電腦及週邊設備業
312,314,2383,台光電,1998-11-27,上市,電子零組件業
313,315,2385,群光,1999-01-05,上市,電子零組件業
314,316,2387,精元,1999-01-25,上市,電腦及週邊設備業
315,317,2388,威盛,1999-03-05,上市,半導體業
316,318,2390,云辰,1999-06-15,上市,其他電子業
317,319,2392,正崴,1999-09-20,上市,電子零組件業
318,320,2393,億光,1999-11-04,上市,光電業
319,321,2395,研華,1999-12-13,上市,電腦及週邊設備業
320,322,2397,友通,2000-01-15,上市,電腦及週邊設備業
321,323,2399,映泰,1999-12-16,上市,電腦及週邊設備業
322,324,2401,凌陽,2000-01-27,上市,半導體業
323,325,2402,毅嘉,2000-01-14,上市,電子零組件業
324,326,2404,漢唐,2000-03-14,上市,其他電子業
325,327,2405,輔信,2000-03-17,上市,電腦及週邊設備業
326,328,2406,國碩,2000-04-29,上市,光電業
327,329,2408,南亞科,2000-08-17,上市,半導體業
328,330,2409,友達,2000-09-08,上市,光電業
329,331,2412,中華電,2000-10-27,上市,通信網路業
330,332,2413,環科,2000-09-11,上市,電子零組件業
331,333,2414,精技,2000-09-11,上市,電子通路業
332,334,2415,錩新,2000-09-11,上市,電子零組件業
333,335,2417,圓剛,2000-09-11,上市,電腦及週邊設備業
334,336,2419,仲琦,2000-09-11,上市,通信網路業
335,337,2420,新巨,2000-09-11,上市,電子零組件業
336,338,2421,建準,2000-09-11,上市,電子零組件業
337,339,2423,固緯,2000-09-11,上市,其他電子業
338,340,2424,隴華,2000-09-11,上市,電腦及週邊設備業
339,341,2425,承啟,2000-09-11,上市,電腦及週邊設備業
340,342,2426,鼎元,2000-09-11,上市,光電業
341,343,2427,三商電,2000-09-11,上市,資訊服務業
342,344,2428,興勤,2000-09-11,上市,電子零組件業
343,345,2429,銘旺科,2000-09-11,上市,光電業
344,346,2430,燦坤,2000-09-11,上市,電子通路業
345,347,2431,聯昌,2000-09-11,上市,電子零組件業
346,348,2433,互盛電,2000-09-11,上市,其他電子業
347,349,2434,統懋,2000-09-11,上市,半導體業
348,350,2436,偉詮電,2000-09-11,上市,半導體業
349,351,2438,翔耀,2000-09-11,上市,光電業
350,352,2439,美律,2000-09-11,上市,通信網路業
351,353,2440,太空梭,2000-11-10,上市,電子零組件業
352,354,2441,超豐,2000-10-26,上市,半導體業
353,355,2442,新美齊,2000-11-22,上市,電腦及週邊設備業
354,356,2443,昶虹,2001-01-03,上市,其他業
355,357,2444,兆勁,2000-12-08,上市,通信網路業
356,358,2449,京元電子,2001-05-09,上市,半導體業
357,359,2450,神腦,2001-05-24,上市,通信網路業
358,360,2451,創見,2001-05-03,上市,半導體業
359,361,2453,凌群,2001-05-22,上市,資訊服務業
360,362,2454,聯發科,2001-07-23,上市,半導體業
361,363,2455,全新,2002-01-24,上市,通信網路業
362,364,2457,飛宏,2001-09-17,上市,電子零組件業
363,365,2458,義隆,2001-09-17,上市,半導體業
364,366,2459,敦吉,2001-09-17,上市,其他電子業
365,367,2460,建通,2001-09-17,上市,電子零組件業
366,368,2461,光群雷,2001-09-17,上市,其他電子業
367,369,2462,良得電,2001-09-17,上市,電子零組件業
368,370,2464,盟立,2001-09-17,上市,其他電子業
369,371,2465,麗臺,2001-09-19,上市,電腦及週邊設備業
370,372,2466,冠西電,2001-09-17,上市,光電業
371,373,2467,志聖,2001-09-17,上市,電子零組件業
372,374,2468,華經,2001-09-17,上市,資訊服務業
373,375,2471,資通,2001-09-17,上市,資訊服務業
374,376,2472,立隆電,2001-09-17,上市,電子零組件業
375,377,2474,可成,2001-09-17,上市,其他電子業
376,378,2476,鉅祥,2001-09-17,上市,電子零組件業
377,379,2477,美隆電,2001-09-17,上市,其他電子業
378,380,2478,大毅,2001-09-17,上市,電子零組件業
379,381,2480,敦陽科,2001-09-17,上市,資訊服務業
380,382,2481,強茂,2001-09-17,上市,半導體業
381,383,2482,連宇,2001-09-17,上市,其他電子業
382,384,2483,百容,2001-09-17,上市,電子零組件業
383,385,2484,希華,2001-09-17,上市,電子零組件業
384,386,2485,兆赫,2001-09-17,上市,通信網路業
385,387,2486,一詮,2001-09-19,上市,光電業
386,388,2488,漢平,2001-09-17,上市,其他電子業
387,389,2489,瑞軒,2001-09-17,上市,光電業
388,390,2491,吉祥全,2001-09-17,上市,光電業
389,391,2492,華新科,2001-09-17,上市,電子零組件業
390,392,2493,揚博,2002-01-23,上市,電子零組件業
391,393,2495,普安,2002-03-25,上市,電腦及週邊設備業
392,394,2496,卓越,2002-03-08,上市,其他業
393,395,2497,怡利電,2002-02-04,上市,汽車工業
394,396,2498,宏達電,2002-03-26,上市,通信網路業
395,397,2501,國建,1967-10-28,上市,建材營造業
396,398,2504,國產,1978-03-14,上市,建材營造業
397,399,2505,國揚,1979-11-14,上市,建材營造業
398,400,2506,太設,1980-02-02,上市,建材營造業
399,401,2509,全坤建,1988-05-20,上市,建材營造業
400,402,2511,太子,1991-04-24,上市,建材營造業
401,403,2514,龍邦,1992-09-26,上市,其他業
402,404,2515,中工,1993-03-02,上市,建材營造業
403,405,2516,新建,1993-05-25,上市,建材營造業
404,406,2520,冠德,1993-10-27,上市,建材營造業
405,407,2524,京城,1994-10-18,上市,建材營造業
406,408,2527,宏璟,1995-03-06,上市,建材營造業
407,409,2528,皇普,1995-03-10,上市,建材營造業
408,410,2530,華建,1995-10-12,上市,建材營造業
409,411,2534,宏盛,1996-02-12,上市,建材營造業
410,412,2535,達欣工,1996-03-11,上市,建材營造業
411,413,2536,宏普,1996-03-14,上市,建材營造業
412,414,2537,聯上發,1996-09-06,上市,建材營造業
413,415,2538,基泰,1996-11-01,上市,建材營造業
414,416,2539,櫻花建,1997-07-16,上市,建材營造業
415,417,2540,愛山林,1989-12-26,上市,建材營造業
416,418,2542,興富發,1999-05-03,上市,建材營造業
417,419,2543,皇昌,1999-10-15,上市,建材營造業
418,420,2545,皇翔,2000-09-11,上市,建材營造業
419,421,2546,根基,2000-09-11,上市,建材營造業
420,422,2547,日勝生,2000-12-22,上市,建材營造業
421,423,2548,華固,2002-08-26,上市,建材營造業
422,424,2597,潤弘,2010-03-26,上市,建材營造業
423,425,2601,益航,1965-11-04,上市,貿易百貨業
424,426,2603,長榮,1987-09-21,上市,航運業
425,427,2605,新興,1989-12-08,上市,航運業
426,428,2606,裕民,1990-12-08,上市,航運業
427,429,2607,榮運,1990-12-14,上市,航運業
428,430,2608,嘉里大榮,1990-12-20,上市,航運業
429,431,2609,陽明,1992-04-20,上市,航運業
430,432,2610,華航,1993-02-26,上市,航運業
431,433,2611,志信,1993-10-28,上市,航運業
432,434,2612,中航,1994-10-20,上市,航運業
433,435,2613,中櫃,1995-01-20,上市,航運業
434,436,2614,東森,1995-09-23,上市,其他業
435,437,2615,萬海,1996-05-16,上市,航運業
436,438,2616,山隆,1997-11-08,上市,油電燃氣業
437,439,2617,台航,1998-06-24,上市,航運業
438,440,2618,長榮航,2001-09-17,上市,航運業
439,441,2630,亞航,2018-02-22,上市,航運業
440,442,2633,台灣高鐵,2016-10-27,上市,航運業
441,443,2634,漢翔,2014-08-25,上市,航運業
442,444,2636,台驊投控,2016-12-22,上市,航運業
444,446,2642,宅配通,2013-12-12,上市,航運業
445,447,2645,長榮航太,2023-03-14,上市,航運業
446,448,2701,萬企,1965-03-22,上市,觀光事業
447,449,2702,華園,1965-02-14,上市,觀光事業
448,450,2704,國賓,1982-11-10,上市,觀光事業
449,451,2705,六福,1988-12-24,上市,觀光事業
450,452,2706,第一店,1991-06-25,上市,觀光事業
451,453,2707,晶華,1998-03-09,上市,觀光事業
452,454,2712,遠雄來,2013-12-03,上市,觀光事業
453,455,2722,夏都,2012-03-14,上市,觀光事業
455,457,2727,王品,2012-03-06,上市,觀光事業
456,458,2731,雄獅,2013-09-24,上市,觀光事業
457,459,2739,寒舍,2016-05-19,上市,觀光事業
458,460,2748,雲品,2016-11-23,上市,觀光事業
459,461,2753,八方雲集,2021-09-09,上市,觀光事業
460,462,2801,彰銀,1962-02-15,上市,金融保險業
461,463,2809,京城銀,1983-07-20,上市,金融保險業
462,464,2812,台中銀,1984-05-15,上市,金融保險業
463,465,2816,旺旺保,1992-05-05,上市,金融保險業
464,466,2820,華票,1994-10-26,上市,金融保險業
465,467,2832,台產,1997-09-30,上市,金融保險業
466,468,2834,臺企銀,1998-01-03,上市,金融保險業
467,469,2836,高雄銀,1998-05-18,上市,金融保險業
468,470,2838,聯邦銀,1998-06-29,上市,金融保險業
469,471,2845,遠東銀,1998-11-27,上市,金融保險業
470,472,2849,安泰銀,1999-09-27,上市,金融保險業
471,473,2850,新產,2000-05-22,上市,金融保險業
472,474,2851,中再保,2000-07-06,上市,金融保險業
473,475,2852,第一保,2000-11-28,上市,金融保險業
474,476,2855,統一證,2002-09-16,上市,金融保險業
475,477,2867,三商壽,2012-12-18,上市,金融保險業
476,478,2880,華南金,2001-12-19,上市,金融保險業
477,479,2881,富邦金,2001-12-19,上市,金融保險業
478,480,2882,國泰金,2001-12-31,上市,金融保險業
479,481,2883,開發金,2001-12-28,上市,金融保險業
480,482,2884,玉山金,2002-01-28,上市,金融保險業
481,483,2885,元大金,2002-02-04,上市,金融保險業
482,484,2886,兆豐金,2002-02-04,上市,金融保險業
483,485,2887,台新金,2002-02-18,上市,金融保險業
484,486,2888,新光金,2002-02-19,上市,金融保險業
485,487,2889,國票金,2002-03-26,上市,金融保險業
486,488,2890,永豐金,2002-05-09,上市,金融保險業
487,489,2891,中信金,2002-05-17,上市,金融保險業
488,490,2892,第一金,2003-01-02,上市,金融保險業
489,491,2897,王道銀行,2017-05-05,上市,金融保險業
490,492,2901,欣欣,1976-05-07,上市,貿易百貨業
491,493,2903,遠百,1978-10-11,上市,貿易百貨業
492,494,2904,匯僑,1983-01-05,上市,其他業
493,495,2905,三商,1988-09-19,上市,貿易百貨業
494,496,2906,高林,1989-12-26,上市,貿易百貨業
495,497,2908,特力,1993-02-18,上市,貿易百貨業
496,498,2910,統領,1996-12-30,上市,貿易百貨業
497,499,2911,麗嬰房,1997-01-18,上市,貿易百貨業
498,500,2912,統一超,1997-08-22,上市,貿易百貨業
499,501,2913,農林,1962-02-09,上市,貿易百貨業
500,502,2915,潤泰全,1977-07-20,上市,貿易百貨業
504,506,2945,三商家購,2021-11-30,上市,貿易百貨業
505,507,3002,歐格,2002-01-23,上市,電腦及週邊設備業
506,508,3003,健和興,2002-02-19,上市,電子零組件業
507,509,3004,豐達科,2002-02-25,上市,鋼鐵工業
508,510,3005,神基,2002-02-25,上市,電腦及週邊設備業
509,511,3006,晶豪科,2002-03-04,上市,半導體業
510,512,3008,大立光,2002-03-11,上市,光電業
511,513,3010,華立,2002-07-22,上市,電子通路業
512,514,3011,今皓,2002-07-22,上市,電子零組件業
513,515,3013,晟銘電,2002-09-16,上市,電腦及週邊設備業
514,516,3014,聯陽,2002-10-29,上市,半導體業
515,517,3015,全漢,2002-10-16,上市,電子零組件業
516,518,3016,嘉晶,2002-12-24,上市,半導體業
517,519,3017,奇鋐,2002-09-27,上市,電腦及週邊設備業
518,520,3018,隆銘綠能,2002-08-26,上市,其他電子業
519,521,3019,亞光,2002-08-26,上市,光電業
520,522,3021,鴻名,2002-08-26,上市,電子零組件業
521,523,3022,威強電,2002-08-26,上市,電腦及週邊設備業
522,524,3023,信邦,2002-08-26,上市,電子零組件業
523,525,3024,憶聲,2002-08-26,上市,光電業
524,526,3025,星通,2002-08-26,上市,通信網路業
525,527,3026,禾伸堂,2002-08-26,上市,電子零組件業
526,528,3027,盛達,2002-08-26,上市,通信網路業
527,529,3028,增你強,2002-08-26,上市,電子通路業
528,530,3029,零壹,2002-08-26,上市,資訊服務業
529,531,3030,德律,2002-10-29,上市,其他電子業
530,532,3031,佰鴻,2002-08-26,上市,光電業
531,533,3032,偉訓,2002-08-26,上市,電子零組件業
532,534,3033,威健,2002-08-26,上市,電子通路業
533,535,3034,聯詠,2002-08-26,上市,半導體業
534,536,3035,智原,2002-08-26,上市,半導體業
535,537,3036,文曄,2002-08-26,上市,電子通路業
536,538,3037,欣興,2002-08-26,上市,電子零組件業
537,539,3038,全台,2002-08-26,上市,光電業
538,540,3040,遠見,2002-08-26,上市,其他業
539,541,3041,揚智,2002-08-26,上市,半導體業
540,542,3042,晶技,2002-08-26,上市,電子零組件業
541,543,3043,科風,2002-08-26,上市,其他電子業
542,544,3044,健鼎,2002-08-26,上市,電子零組件業
543,545,3045,台灣大,2002-08-26,上市,通信網路業
544,546,3046,建碁,2002-08-26,上市,電腦及週邊設備業
545,547,3047,訊舟,2002-08-26,上市,通信網路業
546,548,3048,益登,2002-10-01,上市,電子通路業
547,549,3049,和鑫,2002-09-27,上市,光電業
548,550,3050,鈺德,2002-10-29,上市,光電業
549,551,3051,力特,2002-10-28,上市,光電業
550,552,3052,夆典,1995-11-25,上市,建材營造業
551,553,3054,立萬利,2002-11-18,上市,半導體業
552,554,3055,蔚華科,2002-12-12,上市,電子通路業
553,555,3056,總太,2003-03-03,上市,建材營造業
554,556,3057,喬鼎,2002-12-18,上市,電腦及週邊設備業
555,557,3058,立德,2002-12-09,上市,電子零組件業
556,558,3059,華晶科,2002-12-24,上市,光電業
557,559,3060,銘異,2003-04-21,上市,電腦及週邊設備業
558,560,3062,建漢,2003-07-28,上市,通信網路業
559,561,3090,日電貿,2007-12-31,上市,電子零組件業
560,562,3092,鴻碩,2021-05-13,上市,電子零組件業
561,563,3094,聯傑,2007-08-06,上市,半導體業
562,564,3130,一零四,2006-02-17,上市,資訊服務業
563,565,3138,耀登,2020-12-11,上市,通信網路業
564,566,3149,正達,2011-11-23,上市,光電業
565,567,3164,景岳,2010-03-22,上市,生技醫療業
566,568,3167,大量,2013-10-21,上市,電機機械
567,569,3189,景碩,2004-11-01,上市,半導體業
568,570,3209,全科,2008-11-26,上市,電子通路業
569,571,3229,晟鈦,2009-12-31,上市,電子零組件業
570,572,3231,緯創,2003-08-19,上市,電腦及週邊設備業
571,573,3257,虹冠電,2011-03-21,上市,半導體業
572,574,3266,昇陽,2014-12-24,上市,建材營造業
573,575,3296,勝德,2007-12-31,上市,電子零組件業
574,576,3305,昇貿,2008-07-10,上市,其他電子業
575,577,3308,聯德,2008-03-12,上市,電子零組件業
576,578,3311,閎暉,2004-03-08,上市,通信網路業
577,579,3312,弘憶股,2010-12-29,上市,電子通路業
578,580,3321,同泰,2015-12-15,上市,電子零組件業
579,581,3338,泰碩,2013-12-13,上市,電子零組件業
580,582,3346,麗清,2016-12-19,上市,汽車工業
581,583,3356,奇偶,2005-03-28,上市,光電業
582,584,3376,新日興,2007-12-31,上市,電子零組件業
583,585,3380,明泰,2004-12-20,上市,通信網路業
584,586,3406,玉晶光,2005-12-20,上市,光電業
585,587,3413,京鼎,2015-07-28,上市,半導體業
586,588,3416,融程電,2015-01-23,上市,電腦及週邊設備業
587,589,3419,譁裕,2008-01-21,上市,通信網路業
588,590,3432,台端,2010-12-30,上市,電子零組件業
589,591,3437,榮創,2014-07-09,上市,光電業
590,592,3443,創意,2006-11-03,上市,半導體業
591,593,3447,展達,2022-12-15,上市,通信網路業
592,594,3450,聯鈞,2006-04-12,上市,半導體業
593,595,3454,晶睿,2011-07-22,上市,光電業
594,596,3481,群創,2006-10-24,上市,光電業
595,597,3494,誠研,2007-12-13,上市,電腦及週邊設備業
596,598,3501,維熹,2007-09-20,上市,電子零組件業
597,599,3504,揚明光,2007-01-26,上市,光電業
598,600,3515,華擎,2007-11-08,上市,電腦及週邊設備業
599,601,3518,柏騰,2007-11-28,上市,其他電子業
600,602,3528,安馳,2016-05-18,上市,電子通路業
601,603,3530,晶相光,2018-07-16,上市,半導體業
602,604,3532,台勝科,2007-12-10,上市,半導體業
603,605,3533,嘉澤,2007-12-10,上市,電子零組件業
604,606,3535,晶彩科,2008-01-31,上市,光電業
605,607,3536,誠創,2008-04-30,上市,半導體業
606,608,3543,州巧,2020-04-15,上市,光電業
607,609,3545,敦泰,2007-07-03,上市,半導體業
608,610,3550,聯穎,2010-11-10,上市,電子零組件業
609,611,3557,嘉威,2008-02-27,上市,其他業
610,612,3563,牧德,2019-04-02,上市,光電業
611,613,3576,聯合再生,2009-01-12,上市,光電業
612,614,3583,辛耘,2013-03-12,上市,半導體業
613,615,3588,通嘉,2009-08-14,上市,半導體業
614,616,3591,艾笛森,2010-11-12,上市,光電業
615,617,3592,瑞鼎,2022-01-07,上市,半導體業
616,618,3593,力銘,2009-03-16,上市,電子零組件業
617,619,3596,智易,2009-03-11,上市,通信網路業
618,620,3605,宏致,2009-03-26,上市,電子零組件業
619,621,3607,谷崧,2009-10-28,上市,電子零組件業
620,622,3617,碩天,2009-12-23,上市,其他電子業
621,623,3622,洋華,2009-03-25,上市,光電業
622,624,3645,達邁,2011-10-05,上市,電子零組件業
623,625,3652,精聯,2022-09-21,上市,電腦及週邊設備業
624,626,3653,健策,2009-11-18,上市,電子零組件業
627,629,3669,圓展,2011-08-25,上市,通信網路業
629,631,3679,新至陞,2011-10-05,上市,電子零組件業
630,632,3682,亞太電,2013-08-05,上市,通信網路業
631,633,3686,達能,2010-07-20,上市,半導體業
632,634,3694,海華,2011-05-03,上市,通信網路業
633,635,3701,大眾控,2004-08-30,上市,電腦及週邊設備業
634,636,3702,大聯大,2005-11-09,上市,電子通路業
635,637,3703,欣陸,2010-04-08,上市,建材營造業
636,638,3704,合勤控,2010-08-16,上市,通信網路業
637,639,3705,永信,2011-01-03,上市,生技醫療業
638,640,3706,神達,2013-09-12,上市,電腦及週邊設備業
639,641,3708,上緯投控,2016-08-31,上市,化學工業
640,642,3711,日月光投控,2018-04-30,上市,半導體業
641,643,3712,永崴投控,2018-10-01,上市,電腦及週邊設備業
642,644,3714,富采,2021-01-06,上市,光電業
643,645,3715,定穎投控,2022-08-25,上市,電子零組件業
644,646,4104,佳醫,2007-12-31,上市,生技醫療業
645,647,4106,雃博,2004-11-08,上市,生技醫療業
646,648,4108,懷特,2008-07-16,上市,生技醫療業
647,649,4119,旭富,2004-01-07,上市,生技醫療業
648,650,4133,亞諾法,2009-12-28,上市,生技醫療業
650,652,4142,國光生,2012-05-03,上市,生技醫療業
652,654,4155,訊映,2017-12-05,上市,生技醫療業
653,655,4164,承業醫,2012-10-24,上市,生技醫療業
655,657,4306,炎洲,2008-01-21,上市,塑膠工業
656,658,4414,如興,2004-09-06,上市,紡織纖維
657,659,4426,利勤,2011-12-16,上市,紡織纖維
658,660,4438,廣越,2016-10-18,上市,紡織纖維
660,662,4440,宜新實業,2021-10-25,上市,紡織纖維
661,663,4526,東台,2003-09-15,上市,電機機械
662,664,4532,瑞智,2003-08-04,上市,電機機械
663,665,4536,拓凱,2013-10-09,上市,其他業
664,666,4540,全球傳動,2018-08-15,上市,電機機械
665,667,4545,銘鈺,2016-01-06,上市,電子零組件業
666,668,4551,智伸科,2015-08-10,上市,汽車工業
668,670,4555,氣立,2015-10-27,上市,電機機械
671,673,4562,穎漢,2017-08-21,上市,電機機械
672,674,4564,元翎,2019-03-07,上市,電機機械
673,675,4566,時碩工業,2018-02-05,上市,電機機械
675,677,4572,駐龍,2019-09-10,上市,電機機械
676,678,4576,大銀微系統,2019-09-04,上市,電機機械
678,680,4583,台灣精銳,2022-05-09,上市,電機機械
679,681,4720,德淵,2015-06-24,上市,化學工業
680,682,4722,國精化,2012-08-15,上市,化學工業
681,683,4737,華廣,2010-12-23,上市,生技醫療業
682,684,4739,康普,2017-09-08,上市,化學工業
683,685,4746,台耀,2011-03-01,上市,生技醫療業
684,686,4755,三福化,2013-11-27,上市,化學工業
686,688,4764,雙鍵,2018-01-04,上市,化學工業
687,689,4766,南寶,2018-11-28,上市,化學工業
688,690,4770,上品,2021-12-22,上市,化學工業
690,692,4904,遠傳,2005-08-24,上市,通信網路業
691,693,4906,正文,2003-06-30,上市,通信網路業
693,695,4915,致伸,2012-10-05,上市,電子零組件業
694,696,4916,事欣科,2013-11-21,上市,電腦及週邊設備業
695,697,4919,新唐,2010-09-27,上市,半導體業
697,699,4930,燦星網,2010-06-21,上市,電器電纜
698,700,4934,太極,2010-03-10,上市,光電業
700,702,4938,和碩,2010-06-24,上市,電腦及週邊設備業
701,703,4942,嘉彰,2011-06-27,上市,光電業
703,705,4952,凌通,2011-11-01,上市,半導體業
704,706,4956,光鋐,2011-10-24,上市,光電業
706,708,4960,誠美材,2011-10-24,上市,光電業
707,709,4961,天鈺,2018-10-17,上市,半導體業
708,710,4967,十銓,2019-01-14,上市,半導體業
709,711,4968,立積,2015-11-13,上市,半導體業
710,712,4976,佳凌,2012-11-20,上市,光電業
712,714,4989,榮科,2018-06-28,上市,電子零組件業
713,715,4994,傳奇,2013-12-25,上市,資訊服務業
714,716,4999,鑫禾,2013-06-03,上市,電子零組件業
715,717,5007,三星,2011-09-16,上市,鋼鐵工業
716,718,5203,訊連,2004-09-27,上市,資訊服務業
718,720,5222,全訊,2021-10-25,上市,半導體業
720,722,5234,達興材料,2012-07-16,上市,光電業
722,724,5244,弘凱,2022-01-19,上市,光電業
723,725,5258,虹堡,2016-12-30,上市,電腦及週邊設備業
724,726,5269,祥碩,2012-12-12,上市,半導體業
725,727,5283,禾聯碩,2019-05-24,上市,電器電纜
727,729,5285,界霖,2014-02-25,上市,半導體業
729,731,5306,桂盟,2022-03-08,上市,其他業
730,732,5388,中磊,2007-12-03,上市,通信網路業
731,733,5434,崇越,2003-08-25,上市,電子通路業
732,734,5469,瀚宇博,2003-08-25,上市,電子零組件業
733,735,5471,松翰,2003-08-25,上市,半導體業
734,736,5484,慧友,2003-08-25,上市,光電業
735,737,5515,建國,2003-10-06,上市,建材營造業
736,738,5519,隆大,2014-02-10,上市,建材營造業
737,739,5521,工信,2012-12-18,上市,建材營造業
738,740,5522,遠雄,2007-08-06,上市,建材營造業
739,741,5525,順天,2004-11-26,上市,建材營造業
740,742,5531,鄉林,2005-01-31,上市,建材營造業
741,743,5533,皇鼎,2008-04-30,上市,建材營造業
742,744,5534,長虹,2004-05-24,上市,建材營造業
745,747,5607,遠雄港,2004-12-02,上市,航運業
746,748,5608,四維航,2003-08-25,上市,航運業
747,749,5706,鳳凰,2011-10-21,上市,觀光事業
749,751,5876,上海商銀,2018-10-19,上市,金融保險業
750,752,5880,合庫金,2011-12-01,上市,金融保險業
753,755,6005,群益證,2005-11-21,上市,金融保險業
754,756,6024,群益期,2017-10-16,上市,金融保險業
755,757,6108,競國,2008-12-30,上市,電子零組件業
756,758,6112,邁達特,2003-08-04,上市,資訊服務業
757,759,6115,鎰勝,2004-07-19,上市,電子零組件業
758,760,6116,彩晶,2004-09-06,上市,光電業
759,761,6117,迎廣,2003-08-25,上市,電腦及週邊設備業
760,762,6120,達運,2006-09-13,上市,光電業
761,763,6128,上福,2003-06-16,上市,電腦及週邊設備業
762,764,6133,金橋,2003-08-15,上市,電子零組件業
763,765,6136,富爾特,2003-08-25,上市,通信網路業
764,766,6139,亞翔,2003-08-25,上市,其他電子業
765,767,6141,柏承,2003-10-22,上市,電子零組件業
766,768,6142,友勁,2003-08-04,上市,通信網路業
767,769,6152,百一,2009-12-08,上市,通信網路業
768,770,6153,嘉聯益,2008-01-21,上市,電子零組件業
769,771,6155,鈞寶,2006-08-18,上市,電子零組件業
770,772,6164,華興,2008-10-21,上市,光電業
771,773,6165,浪凡,2003-08-04,上市,其他業
772,774,6166,凌華,2004-11-08,上市,電腦及週邊設備業
773,775,6168,宏齊,2003-08-25,上市,光電業
774,776,6176,瑞儀,2007-05-15,上市,光電業
775,777,6177,達麗,2013-08-01,上市,建材營造業
776,778,6183,關貿,2011-12-01,上市,資訊服務業
777,779,6184,大豐電,2005-02-15,上市,其他業
778,780,6189,豐藝,2004-05-24,上市,電子通路業
779,781,6191,精成科,2007-10-19,上市,電子零組件業
780,782,6192,巨路,2004-09-27,上市,其他電子業
781,783,6196,帆宣,2004-05-24,上市,其他電子業
782,784,6197,佳必琪,2004-11-08,上市,電子零組件業
783,785,6201,亞弘電,2004-09-27,上市,其他電子業
784,786,6202,盛群,2004-09-27,上市,半導體業
785,787,6205,詮欣,2008-01-21,上市,電子零組件業
786,788,6206,飛捷,2004-08-03,上市,電腦及週邊設備業
787,789,6209,今國光,2004-11-08,上市,光電業
788,790,6213,聯茂,2008-01-21,上市,電子零組件業
789,791,6214,精誠,2010-12-30,上市,資訊服務業
790,792,6215,和椿,2007-12-31,上市,其他電子業
791,793,6216,居易,2004-09-27,上市,通信網路業
792,794,6224,聚鼎,2009-09-17,上市,電子零組件業
793,795,6225,天瀚,2004-09-27,上市,光電業
794,796,6226,光鼎,2008-11-10,上市,光電業
795,797,6230,尼得科超眾,2010-09-16,上市,電腦及週邊設備業
796,798,6235,華孚,2004-08-23,上市,電腦及週邊設備業
797,799,6239,力成,2004-11-08,上市,半導體業
798,800,6243,迅杰,2009-12-17,上市,半導體業
799,801,6257,矽格,2003-08-25,上市,半導體業
800,802,6269,台郡,2003-09-23,上市,電子零組件業
801,803,6271,同欣電,2007-11-16,上市,半導體業
802,804,6277,宏正,2003-10-30,上市,電腦及週邊設備業
803,805,6278,台表科,2010-08-24,上市,光電業
804,806,6281,全國電,2005-12-08,上市,電子通路業
805,807,6282,康舒,2003-09-08,上市,電子零組件業
806,808,6283,淳安,2008-01-21,上市,其他電子業
807,809,6285,啟碁,2003-09-22,上市,通信網路業
808,810,6288,聯嘉,2018-05-09,上市,汽車工業
809,811,6405,悅城,2013-11-28,上市,光電業
810,812,6409,旭隼,2014-03-31,上市,其他電子業
811,813,6412,群電,2013-11-08,上市,電子零組件業
812,814,6414,樺漢,2014-03-28,上市,電腦及週邊設備業
814,816,6416,瑞祺電通,2018-04-16,上市,通信網路業
815,817,6426,統新,2021-03-24,上市,通信網路業
817,819,6438,迅得,2021-01-19,上市,其他電子業
818,820,6442,光聖,2015-07-14,上市,通信網路業
819,821,6443,元晶,2015-10-01,上市,光電業
820,822,6449,鈺邦,2014-12-09,上市,電子零組件業
823,825,6464,台數科,2015-12-16,上市,其他業
824,826,6477,安集,2016-06-21,上市,光電業
825,827,6491,晶碩,2019-10-07,上市,生技醫療業
826,828,6504,南六,2013-05-07,上市,其他業
827,829,6505,台塑化,2003-12-26,上市,油電燃氣業
828,830,6515,穎崴,2021-01-20,上市,半導體業
830,832,6531,愛普*,2016-05-31,上市,半導體業
831,833,6533,晶心科,2017-03-14,上市,半導體業
834,836,6552,易華電,2017-01-10,上市,半導體業
835,837,6558,興能高,2018-12-05,上市,其他電子業
837,839,6579,研揚,2017-08-21,上市,電腦及週邊設備業
838,840,6581,鋼聯,2018-01-30,上市,其他業
839,841,6582,申豐,2017-06-14,上市,橡膠工業
840,842,6585,鼎基,2022-05-20,上市,其他業
842,844,6592,和潤企業,2019-12-09,上市,其他業
844,846,6605,帝寶,2004-03-17,上市,汽車工業
845,847,6606,建德工業,2023-03-24,上市,電機機械
846,848,6625,必應,2018-02-07,上市,其他業
848,850,6655,科定,2018-11-28,上市,其他業
850,852,6668,中揚光,2018-12-12,上市,光電業
851,853,6669,緯穎,2019-03-27,上市,電腦及週邊設備業
852,854,6670,復盛應用,2018-12-18,上市,其他業
855,857,6674,鋐寶科技,2018-11-28,上市,通信網路業
856,858,6689,伊雲谷,2022-09-13,上市,其他電子業
857,859,6691,洋基工程,2022-01-03,上市,其他電子業
858,860,6695,芯鼎,2022-11-04,上市,半導體業
859,861,6698,旭暉應材,2019-11-25,上市,其他電子業
860,862,6706,惠特,2019-12-19,上市,光電業
861,863,6715,嘉基,2019-12-12,上市,電子零組件業
862,864,6719,力智,2022-01-13,上市,半導體業
863,865,6743,安普新,2020-12-14,上市,其他電子業
864,866,6753,龍德造船,2023-03-10,上市,航運業
865,867,6754,匯僑設計,2020-08-25,上市,其他業
866,868,6756,威鋒電子,2020-12-24,上市,半導體業
868,870,6770,力積電,2021-12-06,上市,半導體業
869,871,6776,展碁國際,2021-03-31,上市,電子通路業
871,873,6782,視陽,2022-11-28,上市,生技醫療業
872,874,6789,采鈺,2022-06-30,上市,半導體業
873,875,6790,永豐實,2021-09-29,上市,造紙工業
874,876,6792,詠業,2021-12-08,上市,通信網路業
875,877,6796,晉弘,2022-06-01,上市,生技醫療業
876,878,6799,來頡,2022-05-12,上市,半導體業
877,879,6806,森崴能源,2021-11-15,上市,其他業
879,881,6830,汎銓,2022-08-31,上市,其他電子業
880,882,6834,天二科技,2022-09-01,上市,電子零組件業
881,883,6835,圓裕,2022-11-10,上市,電子零組件業
882,884,6861,睿生光電,2023-03-27,上市,生技醫療業
884,886,8011,台通,2011-09-19,上市,通信網路業
885,887,8016,矽創,2003-12-25,上市,半導體業
886,888,8021,尖點,2008-01-21,上市,其他電子業
887,889,8028,昇陽半導體,2018-07-10,上市,半導體業
888,890,8033,雷虎,2007-06-21,上市,其他業
889,891,8039,台虹,2009-12-17,上市,電子零組件業
890,892,8046,南電,2006-04-07,上市,電子零組件業
891,893,8070,長華*,2007-12-31,上市,電子通路業
892,894,8072,陞泰,2005-08-19,上市,電子通路業
893,895,8081,致新,2008-12-30,上市,半導體業
894,896,8101,華冠,2004-07-01,上市,通信網路業
895,897,8103,瀚荃,2009-09-29,上市,電子零組件業
896,898,8104,錸寶,2019-01-17,上市,光電業
897,899,8105,凌巨,2006-12-27,上市,光電業
898,900,8110,華東,2007-10-31,上市,半導體業
899,901,8112,至上,2007-12-31,上市,電子通路業
900,902,8114,振樺電,2012-11-26,上市,電腦及週邊設備業
901,903,8131,福懋科,2007-11-29,上市,半導體業
902,904,8150,南茂,2014-04-11,上市,半導體業
903,905,8163,達方,2007-11-28,上市,電腦及週邊設備業
904,906,8201,無敵,2007-10-29,上市,其他電子業
905,907,8210,勤誠,2011-12-01,上市,電腦及週邊設備業
906,908,8213,志超,2009-12-25,上市,電子零組件業
907,909,8215,明基材,2010-11-12,上市,光電業
908,910,8222,寶一,2015-01-27,上市,電機機械
909,911,8249,菱光,2005-05-17,上市,電子零組件業
910,912,8261,富鼎,2009-12-11,上市,半導體業
911,913,8271,宇瞻,2010-12-29,上市,半導體業
912,914,8341,日友,2015-03-23,上市,其他業
913,915,8367,建新國際,2018-09-12,上市,航運業
914,916,8374,羅昇,2008-12-25,上市,電機機械
917,919,8422,可寧衛,2011-10-05,上市,其他業
919,921,8438,昶昕,2022-03-11,上市,其他業
921,923,8443,阿瘦,2014-09-15,上市,貿易百貨業
922,924,8454,富邦媒,2014-12-19,上市,貿易百貨業
923,925,8462,柏文,2019-03-15,上市,觀光事業
924,926,8463,潤泰材,2015-07-13,上市,其他業
925,927,8464,億豐,2015-12-22,上市,其他業
928,930,8473,山林水,2016-09-08,上市,其他業
929,931,8478,東哥遊艇,2017-12-11,上市,其他業
930,932,8481,政伸,2017-02-24,上市,其他業
934,936,8926,台汽電,2003-08-25,上市,油電燃氣業
935,937,8940,新天地,2009-05-15,上市,觀光事業
936,938,8996,高力,2014-02-14,上市,電機機械
938,940,9902,台火,1964-07-14,上市,其他業
939,941,9904,寶成,1990-01-19,上市,其他業
940,942,9905,大華,1990-08-08,上市,其他業
941,943,9906,欣巴巴,1990-12-15,上市,建材營造業
942,944,9907,統一實,1991-01-29,上市,其他業
943,945,9908,大台北,1991-02-06,上市,油電燃氣業
944,946,9910,豐泰,1992-02-18,上市,其他業
945,947,9911,櫻花,1992-07-16,上市,其他業
946,948,9912,偉聯,1992-08-08,上市,電腦及週邊設備業
947,949,9914,美利達,1992-09-30,上市,其他業
948,950,9917,中保科,1993-12-08,上市,其他業
949,951,9918,欣天然,1994-04-26,上市,油電燃氣業
950,952,9919,康那香,1994-11-04,上市,其他業
951,953,9921,巨大,1994-12-29,上市,其他業
952,954,9924,福興,1995-03-15,上市,其他業
953,955,9925,新保,1995-12-09,上市,其他業
954,956,9926,新海,1998-04-08,上市,油電燃氣業
955,957,9927,泰銘,1999-03-12,上市,其他業
956,958,9928,中視,1999-08-09,上市,其他業
957,959,9929,秋雨,1999-06-28,上市,其他業
958,960,9930,中聯資源,1999-11-22,上市,其他業
959,961,9931,欣高,2000-03-21,上市,油電燃氣業
960,962,9933,中鼎,1993-05-28,上市,其他業
961,963,9934,成霖,2000-09-11,上市,其他業
962,964,9935,慶豐富,2000-09-11,上市,其他業
963,965,9937,全國,2000-09-11,上市,油電燃氣業
964,966,9938,百和,2001-01-12,上市,其他業
965,967,9939,宏全,2001-03-02,上市,其他業
966,968,9940,信義,2001-09-17,上市,其他業
967,969,9941,裕融,2001-09-17,上市,其他業
968,970,9942,茂順,2002-01-28,上市,其他業
969,971,9943,好樂迪,2002-08-26,上市,觀光事業
970,972,9944,新麗,2002-08-26,上市,其他業
971,973,9945,潤泰新,1992-04-30,上市,其他業
972,974,9946,三發地產,2013-09-17,上市,建材營造業
973,975,9955,佳龍,2008-01-21,上市,其他業
974,976,9958,世紀鋼,2008-03-12,上市,鋼鐵工業
19391,24736,6869,雲豹能源-創,2023-03-14,上市臺灣創新板,其他業
19392,24737,6873,泓德能源-創,2023-03-06,上市臺灣創新板,其他業
19393,24739,50,元大台灣50,2003-06-30,上市,
19394,24740,51,元大中型100,2006-08-31,上市,
19395,24741,52,富邦科技,2006-09-12,上市,
19396,24742,53,元大電子,2007-07-16,上市,
19397,24743,55,元大MSCI金融,2007-07-16,上市,
19398,24744,56,元大高股息,2007-12-26,上市,
19399,24745,57,富邦摩台,2008-02-27,上市,
19400,24746,61,元大寶滬深,2009-08-17,上市,
19401,24747,6203,元大MSCI台灣,2011-05-12,上市,
19402,24748,6204,永豐臺灣加權,2011-09-28,上市,
19403,24749,6205,富邦上証,2011-09-26,上市,
19404,24750,6206,元大上證50,2012-05-11,上市,
19405,24751,6207,復華滬深,2012-06-22,上市,
19406,24752,6208,富邦台50,2012-07-17,上市,
19407,24759,636,國泰中國A50,2015-04-01,上市,
19408,24763,639,富邦深100,2015-06-09,上市,
19409,24767,643,群益深証中小,2015-12-02,上市,
19410,24769,645,富邦日本,2015-11-06,上市,
19411,24770,646,元大S&P500,2015-12-14,上市,
19412,24775,652,富邦印度,2016-03-29,上市,
19413,24780,657,國泰日經225,2016-05-09,上市,
19414,24782,660,元大歐洲50,2016-07-15,上市,
19415,24783,661,元大日經225,2016-07-15,上市,
19416,24784,662,富邦NASDAQ,2016-06-24,上市,
19417,24789,668,國泰美國道瓊,2016-10-17,上市,
19418,24798,678,群益NBI生技,2017-01-09,上市,
19419,24808,690,兆豐藍籌30,2017-03-31,上市,
19420,24809,692,富邦公司治理,2017-05-17,上市,
19421,24811,700,富邦恆生國企,2017-07-21,上市,
19422,24812,701,國泰股利精選30,2017-08-17,上市,
19423,24813,702,國泰標普低波高息,2017-08-17,上市,
19424,24814,703,台新MSCI中國,2017-08-10,上市,
19425,24818,709,富邦歐洲,2017-08-15,上市,
19426,24821,712,復華富時不動產,2017-08-21,上市,
19427,24822,713,元大台灣高息低波,2017-09-27,上市,
19428,24823,714,群益道瓊美國地產,2017-10-27,上市,
19429,24825,717,富邦美國特別股,2017-11-29,上市,
19430,24826,728,第一金工業30,2018-04-18,上市,
19431,24827,730,富邦臺灣優質高息,2018-02-08,上市,
19432,24828,731,復華富時高息低波,2018-04-20,上市,
19433,24829,733,富邦臺灣中小,2018-05-17,上市,
19434,24830,735,國泰臺韓科技,2018-06-11,上市,
19435,24831,736,國泰新興市場,2018-06-11,上市,
19436,24832,737,國泰AI+ROBO,2018-06-11,上市,
19437,24834,739,A股,2018-06-27,上市,
19438,24835,752,中信中國50,2018-10-31,上市,
19439,24837,757,統一FANG+,2018-12-06,上市,
19440,24838,762,元大全球AI,2019-01-23,上市,
19441,24840,770,國泰北美科技,2019-01-29,上市,
19442,24841,771,元大US高息特別股,2019-05-16,上市,
19443,24843,783,富邦中証500,2019-03-27,上市,
19444,24844,830,國泰費城半導體,2019-05-03,上市,
19445,24845,850,元大臺灣ESG永續,2019-08-23,上市,
19446,24846,851,台新全球AI,2019-08-12,上市,
19447,24848,861,元大全球未來通訊,2019-11-19,上市,
19448,24850,875,國泰網路資安,2020-03-30,上市,
19449,24851,876,元大全球5G,2020-07-07,上市,
19450,24852,878,國泰永續高股息,2020-07-20,上市,
19451,24853,881,國泰台灣5G+,2020-12-10,上市,
19452,24854,882,中信中國高股息,2021-02-04,上市,
19453,24855,885,富邦越南,2021-04-19,上市,
19454,24856,891,中信關鍵半導體,2021-05-28,上市,
19455,24857,892,富邦台灣半導體,2021-06-10,上市,
19456,24858,893,國泰智能電動車,2021-07-01,上市,
19457,24859,894,中信小資高價30,2021-08-13,上市,
19458,24860,895,富邦未來車,2021-08-12,上市,
19459,24861,896,中信綠能及電動車,2021-09-16,上市,
19460,24862,897,富邦基因免疫生技,2021-10-04,上市,
19461,24863,898,國泰基因免疫革命,2021-11-22,上市,
19462,24864,899,FT潔淨能源,2022-01-21,上市,
19463,24865,900,富邦特選高股息30,2021-12-22,上市,
19464,24866,901,永豐智能車供應鏈,2021-12-15,上市,
19465,24867,902,中信電池及儲能,2022-01-25,上市,
19466,24868,903,富邦元宇宙,2022-01-24,上市,
19467,24869,904,新光臺灣半導體30,2022-03-07,上市,
19468,24870,905,FT臺灣SMART,2022-04-21,上市,
19469,24871,906,大華元宇宙科技50,2022-05-17,上市,
19470,24872,907,永豐優息存股,2022-05-24,上市,
19471,24873,908,富邦入息REITs+,2022-05-20,上市,
19472,24874,909,國泰數位支付服務,2022-07-13,上市,
19473,24875,910,第一金太空衛星,2022-07-20,上市,
19474,24876,911,兆豐洲際半導體,2022-06-27,上市,
19475,24877,912,中信臺灣智慧50,2022-06-29,上市,
19476,24878,913,兆豐台灣晶圓製造,2022-08-08,上市,
19477,24879,915,凱基優選高股息30,2022-08-09,上市,
19478,24880,916,國泰全球品牌50,2022-09-26,上市,
19479,24881,917,中信特選金融,2022-08-26,上市,
19480,24882,918,大華優利高填息30,2022-11-24,上市,
19481,24883,919,群益台灣精選高息,2022-10-20,上市,
19482,24884,920,富邦ESG綠色電力,2022-10-20,上市,
19483,24885,921,兆豐龍頭等權重,2023-01-13,上市,
19484,24886,922,國泰台灣領袖50,2023-03-27,上市,
19485,24887,923,群益台灣ESG低碳,2023-03-08,上市,
19486,24888,924,復華S&P500成長,2023-04-26,上市,
19487,24889,925,新光標普電動車,2023-04-18,上市,
